编号,组织名称,中促会,民促会,联合国,成立时间,出海时间,领导人,重要员工,资本类型,注册地,注册形式,捐赠金额（出海前）标注年份,,捐赠金额（出海后）,,官网的组织理念,组织结构（参考年报）,是否有独立的海外办公室——组织结构,官网关于海外项目的组织理念——目标,海外项目的名称,海外涉及的地区,海外服务内容,服务形式,主要成员是否有官方背景,主要信息来源,是否有网上披露,是否持续性披露,走出去程度
1,爱德基金会,1,0,0,1985——4——1,2009年,丘仲辉,顾传勇、张克运、方未艾、余瑞玉等,腾讯公益慈善基金会,江苏省南京市,公募基金,"￥87,646,513.86 ",2008年,"￥96,205,881.78 ",2009年,"爱以助人，德以树仁；寓信于行，以爱证德；
以人为本，平等尊重；助人自助，助人发展；
公开透明，诚信高效；参与发展，持续发展。",理事会、监事会、秘书长办公会议；爱德印刷等社会企业、上海仁德基金会、上海爱德研究中心、广州市爱德公益发展中心、爱德基金会香港办公室、爱德非洲办公室、爱德日内瓦国际办公室、爱德肯尼亚办公室,是,在信仰互相尊重原则下共同献策出力，开展海内外友好交往，发展我国的社会公益事业，促进社会发展，服务社会、造福人群，维护世界和平。,活水行动、柬埔寨教育发展项目、薪火同行国际助学计划、非洲爱梦助学金、爱的小课桌、爱梦粮援、埃塞俄比亚爱的小书包,日内瓦、巴基斯坦、土耳其、叙利亚、缅甸、菲律宾、尼泊尔等国家地区,教育、扶贫援助,直接服务,是,官网,是,是,海外注册
2,招商局慈善基金会,0,0,0,2009年,2017年,张军立,李亚东、王志贤、蒋铁峰、霍达、白景涛、刘昌松、宋嵘、张翼、黄奕等,招商局集团,广东省深圳市,非公募基金会,"￥55,150,000.00 ",2016年,"￥121,872,300.00 ",2017年,关注民生，扶贫济困，热心公益，和谐发展,理事会、监事会、项目资助评审委员会、秘书处、综合事务部、项目规划管理部、法务部,是,推动平等合作，建设更加富强、公正和美好的社会,推动国际合作：关注“全球减贫”“公共卫生安全”议题、招商局•仁爱堂YES青年快乐人生资助计划、支持受疫情影响之儿童及青少年计划、招商局志愿者支持计划,斯里兰卡、吉布提、白俄罗斯、法国等国家地区,扶贫、教育、卫生援助,直接和间接服务,是,官网,是,是,海外项目
3,Inno 映诺社区发展机构,0,1,0,2007年,——,——,——,——,广东省广州市,商业公司,——,——,——,——,——,——,是,旨在为工作场所及其延展社区带来可持续影响力的非营利机构，着重关注新型社区问题和公共健康。,关注劳工就业问题,柬埔寨、印度、越南、马来西、印度尼西亚等,劳工、家庭援助,直接和间接服务,否,微信公众号,是,否,海外注册
4,造梦空间Dream Building Service Association,0,0,0,2014年,2014年,阴斌斌,——,——,肯尼亚,国际非盈利组织,——,——,——,——,共创、共建、共享,——,是,造梦空间成为一个连接世界与非洲的桥梁，成为中非以及世界青年交流的平台。,学校援建、职业培训、贫民窟达人秀、足球俱乐部、贫民窟捐助计划、DBSA大讲堂、贫民窟艺术项目,肯尼亚,教育、职业援助,直接服务,否,官网,是,否,海外注册
5,四川海惠助贫服务中心,0,1,0,2008年,7/10/1905,但斌,陈太勇、李小云、吕朝、冯超、黄浩明、胡广华、吴波、曾途,——,四川省成都市,非营利社会组织,"￥24,493,386.72 ",2017年,"￥9,468,674.18 ",2018年,扶弱助困、振兴乡村,理事会、监事会、秘书处、四川海惠、上海海惠,是,围绕联合国可持续发展目标，以海惠国际公益园（泰国）为起点，推动中国公益项目在海外的落地实施，积极链接和打造国际合作网络，搭建国际公益平台，讲好中国故事，促进海内外民心相通,海惠国际公益园、泰北山区少数民族部落青少年教育支持项目、泰北山区少数民族部落新建卫生间/浴室项目、泰北山区教师及青少年华文教育支持项目,泰国,教育、就业援助,直接和间接服务,否,官网,是,是,海外项目
6,中国乡村发展基金会,1,1,1,1989年,2009年,郑文凯,陈志刚、刘文奎、金锦萍、陈红涛等,——,北京市海淀区,公募基金,——,——,"￥273,053,273.14 ",2012年, 助力乡村发展，促进共同富裕 ,理事会、监事会、秘书处、综合事务部、人力资源部、计划财务部、监测合规部、品牌传播部、信息技术部、资源发展部、乡村振兴协作部、移动互联网部、月捐发展部、国际发展部,是,构建更值得信任、更值得期待、更值得尊敬的国际公益平台,国际综合项目、国际爱心包裹项目、国际微笑儿童项目,缅甸、尼泊尔、埃塞俄比亚、柬埔寨、乌干达、苏丹、巴基斯坦、阿富汗等国家地区,教育、救灾援助,直接和间接服务,是,官网,是,否,海外注册
7,无锡灵山慈善基金会,1,1,1,2004——12——1,2014年,王文,王君毅、李秋瑾、凡东伟、杨团、金锦萍、吴国平、普俊法师等,无锡灵山文化旅游集团有限公司,江苏省无锡市,公募基金,——,——,"￥56,232,400.00 ",2014年,弘扬慈善文化，净化世道人心,理事会、监事会、秘书处,否,让世界看到中国青年的姿态，推动华人青年服务世界,埃塞俄比亚“微笑儿童”项目、尼泊尔国际赈灾、泰北华文教育示范项目、国际志愿者项目、国际交流项目,泰国、法国、尼泊尔、埃塞俄比亚等国家地区,救灾、教育援助,直接和间接服务,否,爱企查、官网、中国发展简报、百度、新闻,是,是,海外项目
8,中南屋China House,0,0,0,2014年,2014年,"
Hongxiang Huang","Dr. Jane Goodall,Zhang Xiao’an,Gou Haodong,Prof. Jenik Radon",上海垂星教育科技有限公司,创立地：肯尼亚；总部：上海市 黄浦区,商业公司,——,——,——,——,To further integrate China into global sustainable development ,Board of Advisors,是,关注野生动物与环境保护、弱势群体赋能、一带一路可持续发展，并为中国青年提供相应的社会实践活动,非洲职业技能挑战赛、向世界传播海外华人的声音、肯尼亚反盗猎、剪除铁丝网项目,肯尼亚、坦桑尼亚、美国、厄瓜多尔、瑞士、巴西、秘鲁、泰国、越南等国家地区,动保、移民援助,直接和间接服务,否,中国发展简报、百度百科、新闻,是,否,海外注册
9,永续全球环境研究所GEI,0,0,1,2004——3——1,2004年,张冀强 ,金嘉满、王诺、崔南瑛、李沛聪、林靖岚、陈韵竹、任鹏、张经纬、赵文娟,——,北京市朝阳区,非营利社会组织,——,——,"￥19,132,491.84 ",2023年,利用市场机制和政策建议解决环境问题，力求社会、环境和经济效益的多赢，实现全方位的可持续发展。,设立行政团队、能源与气候变化团队、生态保护与社区发展团队、海外投资贸易与环境团队、全球环境创意基金团队、专家指导委员会,是,"推动中国在对外投资贸易活动中将环境和社会原则纳入决策过程；
促进关于绿色金融与可持续投资等领域的双边和多边交流对话",China-Africa Timber Governance、中非森林资源管理合作项目 （IIED支持）、南南合作推动发展中国家的低碳与可再生能源发展、发改委对缅甸气候变化物资援助、打击野生动物国际贸易、沼气与乳品业可再生能源、老挝南俄5号水电站社区发展(沼气)项目、社区参与生态保护、改善生计发展--协议保护模式的缅甸示范,喀麦隆、加纳、刚果共和国、利比里亚、乌干达、莫桑比克、缅甸、柬埔寨、老挝、斯里兰卡,交流合作，环境保护、可再生资源研究,直接和间接服务,是,中国发展简报、官网,是,否,海外注册
10,中国红十字基金会,1,0,0,1994年,2017年,贝晓超,王海京、金锦萍、王轶凡等,——,北京市东城区,公募基金,"￥261,664,675.00 ",2017年,"￥335,245,802.22 ",2018年,守护生命与健康，红十字救在身边,理事会、秘书处、海外项目部等,否,弘扬人道、博爱、奉献的红十字精神，致力于改善人的生存与发展境况，保护人的生命与健康，促进世界和平与社会进步。,丝路博爱基金、红十字与“一带一路”同行、阿富汗危机响应行动、国际免费午餐项目,肯尼亚、乌干达、马拉维、尼日利亚、埃塞俄比亚、坦桑尼亚、阿富汗等国家地区,扶贫、救灾援助,间接服务,是,官网,是,否,海外项目
11,阿里巴巴公益基金会,0,0,0,2011年,2018年,孙利军,胡晓明、王帅、姚瑶、邵晓锋、刘振飞、张爽、于秀红、刘文奎、宋迎春、欧阳晨曦、徐晓、韩敏,阿里巴巴集团,"
浙江省杭州市",非公募基金会,"￥71,900,000.00 ",2018年,"￥91,138,405.39 ",2019年,营造公益氛围，发展公益事业，促进人与社会、人与自然的可持续发展,理事会、秘书处,否,响应国家“一带一路”倡议和助力构建人类命运共同体的一项具体行动，旨在提高“一带一路”沿线发展中国家有需求的小学生的基本学习条件，促进学生的全面发展，搭建友谊之桥。,世界饥饿、国际爱心包裹、非洲创业者大赛,缅甸、尼泊尔、埃塞诶比亚、柬埔寨、老挝、巴基斯坦、纳米比亚、蒙古国、乌干达、津巴布韦、南苏丹、菲律宾、布隆迪、乍得等国家地区,经济援助、创业支持,直接和间接服务,否,中国发展简报、官网、百度、新闻、财经网,是,否,海外项目
12,浙江省公羊会公益救援促进会,0,1,0,2008年,2015年,何军,——,——,浙江省杭州市,志愿服务组织,——,——,——,——,救危助难，为社会出力；扶弱帮困，为政府分忧。,会员制,否,“灾讯为号，专业立队；报效国家，服务社会”,人道主义救援（地震、台风）,尼泊尔、巴基斯坦、厄瓜多尔、意大利、印度尼西亚、土耳其等国家地区,救灾援助,直接服务,否,官网,是,否,海外项目 注册
13,三一基金会,0,0,0,2013年,2022年,梁在中,周一为、李赛嘉、唐立桦、向思龙、周翔宇、易通、沈丹玺,三一集团,北京市,非公募基金会,"￥26,866,314.34 ",2021年,"￥47,334,446.22 ",2022年,推动科学公益，助力公益实现价值，创造世界真实改变,理事会、秘书处、监事处、项目部,否,以科学公益理念引领重要社会议题的公益创新和实践，成为支持中国公益发展的独特力量；比肩世界一流基金会，助力中国公益发挥国际影响力。,人道主义救援（地震）,土耳其、摩洛哥,救灾援助,直接服务,否,官网,是,是,海外项目
14,云南思力生态替代技术中心（思力中心、思力科普）,0,1,0,2002年,——,左智和,——,洛克菲勒兄弟基金会,云南省昆明市,非盈利社会组织--商业公司,——,——,——,——,传播和发展化学农药的生态替代技术，消除化学农药污染，推动生态农业与有机农业的发展,理事会,——,保护人类健康和生态环境，实现社会与经济的可持续发展。,——,东南亚,环保援助,间接服务,否,新闻、抖音,是,是,海外交流访问
15,中关村绿色矿山联盟,0,0,0,2015年,——,苏义脑,彭苏萍,中国恩菲工程技术有限公司(中央企业),北京市,非营利性质社团,——,——,——,——,——,理事会、秘书处、监事处、技术委员会,否,中绿盟致力于以技术创新为指导，以资源利用集约化、开采方式科学化、企业管理规范化、安全生产标准化、生产工艺现代化、矿山环境生态化为重点，系统性研究绿色矿山体系发展和基础支撑手段。,各类研讨会,吉尔吉斯斯坦、乌兹别克斯坦、纳米比亚、俄罗斯、津巴布韦、安哥拉等国家地区,环保、矿业,间接服务,是,官网,是,是,海外交流访问
16,CNIE 中国民间组织国际交流促进会,0,0,1,2005 年,2008 年,——,——,——,北京市,非营利社会团体,——,——,——,——,发挥社会组织等民间力量的作用，创建国际交流平台，开拓国际交流渠道，促进中外民心相通，推动建立更加公正合理的国际秩序，实现构建人类命运共同体的美好愿景,理事会、会员代表大会的执行机构、秘书处、监事处,否,组织会员赴海外开展民生合作、文化交流、人道救助等项目，促进中外民心相通，推动建立更加公正合理的国际秩序，实现构建人类命运共同体的美好愿景,中非民间论坛、中国东南亚民间高端对话、“跨喜马拉雅” 中国尼泊尔印度民间对话会、中缅民间交流圆桌会、中蒙民间对话会、“丝路一家亲” 行动等,非洲、东南亚、尼泊尔、印度、缅甸、蒙古、“一带一路” 沿线等,经济援助、文化交流,直接和间接服务,否,官网、新闻,是,是,海外交流访问
17,CYDF中国青年发展基金会,0,0,0,1989年,——,郭美荐,"万学军 团十八届中央委员，中国青基会党委常委、副书记、副理事长兼秘书长。

杨小禹、 王登发( 茅台集团办公室主任 )、 刘 磊( TCL公益基金会秘书长 )、 苏明娟( 中国工商银行安徽省分行系统团委副书记，团中央常委、团安徽省委副书记（兼职）)、 李 辉( 共青团中央基层建设部副部长 )、 张 剑( 三星（中国）投资有限公司 副总裁 )、 张 焱( 北京梅赛德斯-奔驰销售服务有限公司高级执行副总裁 )、 陈 遥( 中国平安保险（集团）有限公司品牌宣传部总经理 )、 赵文欣( 百胜中国控股有限公司肯德基大区营运副总裁 )、 侯慧姝( 完美（中国）有限公司公共事务副总经理 )、 黄大伟( 共青团中央青年发展部部长 )、 梁 云( 宝洁中国公关与传播部总监 )、 敬 刚( 河北省平山县西柏坡希望小学校长 )",——,北京市,公募基金会,——,——,——,——,——,理事会、监事会、秘书处、省青基,否,帮助“一带一路”沿线国家地区青少年成长发展，为困境学生提供学业资助，改善他们的成长环境，促进青少年国际交流。,丝路·希望、中老铁路青年友谊工程,一带一路国家,教育、基建,间接服务,是,官网,是,是,海外交流访问
18,深圳国际交流合作基金会,0,0,0,2014年,2017年,万科集团创始人、董事会名誉主席王石先生,中国企业家俱乐部理事长、原招商银行行长马蔚华先生，联合国和平大使、深圳国际形象大使、国际钢琴家郎朗先生，南方科技大学校长陈十一先生和前深圳市外事办公室主任汤丽霞女士共同担任荣誉会长,——,广东省深圳市,非公募公益基金会,——,——,——,——,——,理事会、监事会、秘书处、综合部、项目部、荣誉机构,否,搭建国际交流合作平台，助力深圳国际化创新型城市建设，支持社会各界参与全球治理,深系澜湄” 行动计划、“CityPlus 城市 +” 平台项目、Value Plus 中国（深圳）社会组织 “走出去” 能力建设与交流合作平台等,亚洲（澜湄地区）、6 大洲 35 个国家 90 座城市,城市建设、治理,直接和间接服务,否,官网,是,否,海外交流访问
19,中国国际民间组织合作促进会,1,0,0,1992年,1995年,黄浩明,——,——,北京市,非营利社会团体,——,——,——,——,推动中外民间协同，助力全球持续发展,理事会、监事会、秘书处,否,推动合作伙伴和国内外社会组织的交流与合作，推动国内社会组织国际化成长,,中国 - 菲律宾民间组织交流项目、东亚民间社会论坛、澜湄国家民间组织论坛、一带一路妇女儿童发展民间论坛等,教育培训、文化交流,直接和间接服务,是,官网,是,是,——
20,北京环保娃娃公益发展中心,0,1,0,1999年,2015年,——,——,——,北京市,非盈利社会组织,——,——,——,——,——,——,否,将环保融入到戏剧中去，不但使孩子得到戏剧专业的建设，也用这种寓教于乐的方式让孩子们在为社会演出服务的过程中了解到环境保护的重要性，这是促进儿童参与环保活动的一个新的尝试,中欧环保小使者,欧洲,教育,直接服务,是,微信公众号,是,是,海外交流访问
21,北京市京师社会工作事务所,0,1,0,2018年,——,张网成、黄浩明,副理事长:黄浩明教授(国际公益研究院)副理事长:陈涛教授(中国社会科学院大学文法学院)副理事长:陈清坤常务副会长(北京福建莆田商会)理事:郭伟和教授(中央民族大学)理事:熊跃根教授(北京大学)葛道顺教授(中国社会科学院社会发展战略研究院)周勤勤教授(中国社会科学院大学人文学院)王兵博士(中国社会科学院)丁晨辉常务副主任(北京市京师社会工作事务所)高志新副主任(北京市京师社会工作事务所)于昕洋副会长(北京社会文化发展促进会),——,北京市,社会服务机构,——,——,——,——,合众之力、助人自助,"理事会、秘书处、行政财务、社会工作部
项目管理部、新媒体工作室、研究室、工会、党支部、团支部",否,——,香港义工局-两岸四地青年义务工作论坛、尼泊尔部长协调会议、2014年韩国中日韩三方会议,尼泊尔、香港,教育、政策研究,间接服务,否,官网,是,是,海外交流访问
22,北京世标认证中心有限公司,0,1,0,1997年,——,——,——,——,北京市,商业机构,——,——,——,——,——,——,——,——,——,——,——,——,——,官网,是,是,海外交流访问
23,首都经济贸易大学教育基金会,0,1,0,2014年,——,王文举,首都经济贸易大学优秀校友,——,北京市,非公募公益基金会,——,——,——,——,支持学校发展，扶助学生成才，扶助校友成长，服务首都建设。,理事会、监事会、秘书处,否,——,留学生资助,——,教育,间接服务,否,官网,是,否,海外交流访问
24,中国儿童对外交流中心,0,0,0,1995年,2002年,——,——,——,北京市,二级事业法人单位,——,——,——,——,向世界展示中国少年儿童的风采，促进中外文化的理解和中外人民的国际友谊。,中国儿童对外交流中心事业发展部内设行政管理、战略规划、创意策划和对外合作四个部门,否,加强对外交流活动宣传推广及品牌建设，用世界语言讲好中国故事，提升中国儿童中心的国际形象和影响力。,预防艾滋病参与式培训、儿童发展状况考察夏令营和儿童论坛、儿童交通安全常识培训、儿童壁画艺术节,俄罗斯、美国、日本、英国、德国、哥伦比亚、墨西哥、土耳其、韩国、希腊等数十个国家和地区,文化交流,直接服务,是,官网,是,是,海外项目
25,中国文物保护基金会,0,1,0,1990 年,1990年,理事长：励小捷；秘书长：詹长法,——,——,北京,公募基金会,——,——,——,——,中国文物保护基金会将联络海内外致力于文化遗产保护传承的组织，诚邀所有矢志于文物事业的各界人士，为弘扬中华优秀传统文化、推动文物保护事业谱写新篇章、共襄盛举。,下设理事会、秘书处、办公室、项目部、筹资部、宣传部,否,基金会致力于通过国际合作，推动文化遗产保护的全球交流与合作，提升中国文化遗产保护的国际影响力,丝绸之路文化遗产保护国际合作项目、中法文化遗产保护交流项目、中日韩三国文化遗产保护合作项目、中国文化遗产保护国际论坛、缅甸蒲甘他冰瑜佛塔修复 、尼泊尔九层神庙修复、亚洲文化遗产教育合作网络 等,乌兹别克斯坦、哈萨克斯坦、阿联酋、柬埔寨等。中国与乌兹别克斯坦、哈萨克斯坦等 24 个 “一带一路” 沿线国家,与国际文物保护机构合作，开展技术培训和经验分享，参与国际文化遗产保护项目，提供资金和技术支持，举办国际文化遗产保护论坛，促进学术交流,直接服务和间接服务,是,官网、中国政府网、新闻网,是,是,海外项目
26,北京博能志愿公益基金会,0,1,0, 2016年,——,翟雁,零慧、吕敏杰、韩俊魁、彭艳,——,——,——,——,——,——,——,引领专业志愿创投，推动社会可持续发展；专业志愿共创价值，智慧公益促进改变；人人乐于专业志愿的美好社会,——,否,——,——,——,——,——,——,官网,是,是,海外交流访问
27,首都知识产权服务业协会,0,0,0,2015 年,——,白刚,——,——,北京市,社会团体,——,——,——,——,遵守宪法、法律、法规和国家政策，遵守社会道德风尚；加强行业自律，维护知识产权服务机构的合法权益；促进行业发展，提高知识产权服务机构的业务水平和服务质量,——,否,——,——,——,——,——,——,咨询,是,是,海外交流访问
28,佳信德润 (北京) 科技有限公司,0,1,0,2011 年,——,易昕,——,——,北京市昌平区,商业公司,——,——,——,——,——,——,否,——,——,——,——,——,——,咨询,是,否,海外交流访问
29,北京同心圆慈善基金会,0,1,0,2016 年 6 月 22 日,2023 年 2 月2,侯兵,郑莽、王雨情、刘莉等,——,北京市北京经济技术开发区,非公募基金会,——,——,——,——,专注于医疗救助和康复关怀，支持教育事业发展,理事会、监事会、秘书处,否,为需要的地区提供医疗救助等公益服务,前往叙利亚灾区救援,叙利亚,提供医疗、救灾,直接服务,否,官网,是,否,海外注册
30,安博致远国际文化发展 (北京) 有限公司,0,0,0,——,——,董启馨,——,——,——,商业公司,——,——,——,——,——,——,否,联合坦桑尼亚中国友好促进会等发起 “生命天使” 非洲助产士助理培训项目,“生命天使” 非洲助产士助理培训项目,非洲,职业培训,直接服务,否,新闻,是,是,海外项目
31,北京大鸾翔宇慈善基金会,1,1,0,2016 年,2016年,沈清,"王秋阳（北京大鸾翔宇文化传播有限公司）
沈   清（海南必成文化传媒有限公司）
周   戎（北京翔宇诚恩文化传播有限公司）
张文晓（中国慈善联合会）
贾小文（北京建机天润资产管理有限公司）",——,北京市东城区,慈善机构,——,——,——,——,怀慈善之恒心，献福祉于民众,理事会、监事会、秘书处下设 “恩来基金”“翔宇基金”“大鸾帮扶基金” 和 “薪火公益基金”,否,加强亚非拉国家及一带一路沿线国家民间文化、经贸交流，提供助学帮扶、合作支持活动,翔宇基金相关项目、中日友好交流项目、风铃行动,日本、蒙古、尼泊尔、非洲等国家,教育、文化交流,直接和间接服务,是,官网,是,是,海外交流访问
32,北京康行慈善基金会,1,1,0,2018 年 10 月 12 日,——,理事长董烁、副理事长王亚茹等,秘书长王博等,——,北京,慈善组织,——,——,——,——,以 “团结凝聚江山力量，发展改善社会结构” 为使命，构建 “康心无畏，行者无疆” 的美好愿景；以 “求是探索社会需求，至诚创造永续公益” 为宗旨,——,否,正在推进与联合国世界粮食计划署（中国办公室）探索合作开展中国农业创新项目等，在气候变化、粮食安全以及可持续发展教育方面作出积极贡献,——,——,——,——,否,新闻、官网,是,是,海外交流访问
33,合肥市庐阳区深蓝环境保护行动中心 - 绿满江淮,0,1,0,——,——,——,项目主管李莹莹,——,合肥,——,——,——,——,——,——,——,——,——,——,——,——,——,——,新闻、微信公众号,是,是,海外交流访问
34,重庆市可再生能源学会,1,1,0,2016 年,——,——,——,——,重庆,社会团体,——,——,——,——,遵守宪法、法律、法规和国家政策，开展政策研究、学术交流、技术推广、咨询服务、人才培养、科普等工作,——,否,——,——,——,——,——,——,新闻、百度百科,是,是,海外交流访问
35,重庆市低碳协会,0,1,0,2011 年,——,——,——,——,重庆,社会组织,——,——,——,——,服务涵盖政策解读、智库咨询、平台搭建、标准制定、技术转化、项目支持、绿色金融、招商引资、教育培训、品牌建设、公益科普等,——,否,作为 2024 第七届中国国际光伏与储能产业大会协办单位，为中国乃至全球光伏及储能产业企业搭建与政府、企业、社会间交流合作平台,中国国际光伏与储能产业大会协办单位,——,研讨会,间接服务,否,新闻、微信公众号,是,是,海外交流访问
36,甘肃省绿驼铃环境发展中心,1,1,0,2004 年 ,——,——,——,——,甘肃,民间环保组织,——,——,——,——,致力于西部环境保护事业，为改善已经恶化并仍在加重的西部生态环境做出应有贡献,——,否,——,——,——,——,——,——,抖音、新闻,是,是,海外交流访问
37,甘肃兴邦社会工作服务中心,0,1,0,2005 年,——,理事会领导下的秘书长负责制,社工何方、王兴保,——,甘肃,民办非企业单位,——,——,——,——,组织愿景：实现一个平等互助、文化多元的美好社会。组织使命：携手同道，公益兴邦,下设能力建设部、社区发展部、教育助学部、行政部、财务部五个部门,否,——,——,——,——,——,——,抖音、新闻,是,是,海外交流访问
38,甘肃省妇女儿童心理咨询协会,1,1,0,2017 年 ,——,——,——,——,甘肃省,社会团体,——,——,——,——,积极承接妇联系统服务妇女儿童心理健康工作，开展心理健康知识普及推广和婚姻家庭矛盾纠纷化解工作，引导妇女和家庭成员建立积极健康的良好心态,——,否,——,——,——,——,——,——,新闻、百度百科,是,是,海外交流访问
39,广西环保联合会,0,1,0,2010 年,——,会长董祖敬,——,——,广西省南宁市,社会团体,——,——,——,——,培训和咨询、宣传教育、论坛、会展、维护公众环境权益，公益活动，承办政府部门委托事项，国内外环保交流,——,否,——,——,——,——,——,——,新闻、微信公众号,是,否,海外交流访问
40,广州市黄埔区心灵家园服务中心,0,1,0,2012 年 ,——,孙鸿松,——,——,广东省广州市,服务机构,——,——,——,——,爱人如已，服务社区,——,否,——,——,——,——,——,——,新闻、官网,是,是,海外交流访问
41,广州市社会组织联合会,0,1,0,1994 年,——,冯耀良,欧阳兵、焦杨等,——,广东省广州市,非营利性的社会组织,——,——,——,——,凝聚社会组织力量，服务社会组织需求，引领社会组织发展，提升社会组织能力，发挥社会组织作用，扩大社会组织影响，打造社会组织品牌，维护社会组织及其从业人员合法权益，充分发挥社会组织服务国家、服务社会、服务群众、服务行业的积极作用,理事会、秘书处，秘书处下设业务部、培训部、会员部和综合部,否,——,——,——,——,——,是,新闻、官网,是,否,海外交流访问
42,广州市法泽社会工作服务中心,0,1,0,2013 年,——,吴治平,——,——,广东省广州市,民办非企业,——,——,——,——,做推动流动人口社区基层治理创新的民间智库,——,否,——,——,——,——,——,是,新闻、微信公众号,是,是,海外交流访问
43,贵阳南明区爱心家园儿童特殊教育康复训练中心,0,1,0,2003年成立支援中心，2006年转行为专门针对孤独症儿童的康复训练机构,——,赵新玲,吴成平、刘仁敏、张鹏、李玉娟等,——,贵州省贵阳市,民办非企业,——,——,——,——,愿景：孤独症、智力障碍及相关发育障碍群体在包容的社会里拥有平等的权利和机会，享受有尊严、有品质的生活。使命：帮助孤独症、智力障碍及相关发育障碍群体争取共同权益，通过社会倡导、教育培训、交流合作，全心全意为儿童及家庭服务，以促进其融入社会，提高生活品质。目标：形成自闭症及相关发育障碍的儿童教育康复体系。,——,否,——,——,——,——,——,是,新闻、抖音百科,是,是,海外交流访问
44,长垣市绿色未来环境保护协会,0,1,0,2010,——,负责人宋克明,——,——,河南省新乡市长垣县,社会团体,——,——,——,——,协会的使命是关注生态环境，共创绿色未来,——,否,——,——,——,——,——,否,新闻、抖音百科,是,是,海外交流访问
45,贵州省联合慈善医疗援助中心,1,0,0,2018,2020,法定代表李军华、理事长张长明,筹募外联部部长李兴会,——,贵阳,民办非企业,——,——,——,——,联合社会各界资源，汇集公益力量，开展全方位、多维度的慈善医疗援助，赋能基层医疗机构，救助大病、罕见病、意外伤害等困境群体,——,否,帮助弱势群体改善医疗状况，实施了大病、罕见病、意外伤害等救助项目；服务困境群众，开展医疗援助,一带一路·国际慈善医疗援助,——,开展慈善医疗援助项目,直接服务,否,新闻、职友集、百度,是,是,海外项目
46,蓝丝带海洋保护协会,1,1,0,2005年,2015,创始会长孙冬，现任会长郑文春,尹嘉、王思贤、杨晓海、彭华、韩玉、邓勇波、邢庆生、边玉琴、张杨、张国庆、张玖壹、蒲冰梅、初腾飞、郝鹏、陶师正、卢徐杰、符利亚、黎岳,——,三亚,社会团体,——,——,——,——,使命：保护海洋生态，人海和谐共生。行动纲领：团结一切力量，保护美丽海洋。价值观：保护海洋就是保护我们自己,——,否,使命：保护海洋生态，人海和谐共生。行动纲领：团结一切力量，保护美丽海洋。价值观：保护海洋就是保护我们自己,中欧清洁能源远程培训项目、蓝丝带志愿者第三次赴美参加环保研修、UNDP/GEF黄海大海洋生态系项目等, 意大利、法国、德国等欧盟国家，美国，,承办三亚“清洁能源政策与国际经验”远程培训、文化交流为黄海大海洋项目献计献策、关注海上垃圾等,直接和间接服务,否,新闻、官网,是,否,海外项目
47,佳木斯市科教文可持续发展协会,0,1,0,2007年,——,首任会长毕可弟,——,——,黑龙江省佳木斯市,社会团体,——,——,——,——,协会致力于推动佳木斯市科教文领域的可持续发展，通过整合社会资源、开展各类活动，促进科技教育普及、文化传承与创新以及可持续发展理念的推广。,——,否,——,——,——,——,——,是,新闻、百度,是,是,海外交流访问
48,绥化市节水协会,0,1,0,2008年,——,法定负责人刘立德,——,——,绥化,社会团体,——,——,——,——,——,——,否,——,——,——,——,——,——,新闻,是,是,海外交流访问
49,新疆红石慈善基金会,1,1,0,2009 年,——,余立军,——,——,新疆,民间非营利组织（后转为公募）,——,——,——,——,弘扬人道主义、致力于扶贫帮困、赈灾救难、关爱妇女老年儿童以及贫困地区青少年成长、支持公益慈善事业，促进社会进步,——,否,——,——,——,——,——,否,新闻、官网,是,是,海外交流访问
50,江苏省荣昌济困基金会,1,1,0,2018年,——,法定代表人乐业,秘书长褚建平、顾问侯兴华、项目负责人蔡静,——,江苏,基金会,——,——,——,——,秉持“济困以荣斯民 、扶危乃昌其国”之创建初心，积极参与国家脱贫攻坚行动，依托最基层信息需求、最基层组织服务，实现最基本保障资助,——,否,——,——,——,——,——,否,新闻、百度、官网,是,是,海外交流访问
51,南京玄武环境文化促进会,1,1,0,2014年,——,法定代表人钱国强,——,——,江苏省南京市,社会团体,——,——,——,——,——,——,否,——,——,——,——,——,——,新闻、百度,是,是,海外交流访问
52,徐州市心缘志愿者服务中心,1,1,0,1997年,——,创建人郑复生,——,——,徐州,社会团体,——,——,——,——,愿景：残健平等，共享社会进步成果。使命：为残障人士提供专业的志愿服务。理念：以真诚无私的心，结美丽善良的缘。核心价值观：专业、平等、包容,——,否,——,——,——,——,——,否,新闻、百度、官网,是,是,海外交流访问
53,江苏省妇女儿童福利基金会,1,1,0,1986 年,——,理事长赵鹏,顾汉萍、唐卫民、顾敏、陈殿云、宋晓辉、张惠春、王文、凌春香、朱长河、王华、刘书华、周春松、姚蓓、徐文荣、薛亮、马晨霞、艾叶芳、陈澄、崔效辉、赖海燕、马向真,——,江苏省,基金会,——,——,——,——,始终把广大妇女儿童对美好生活的向往作为奋斗目标，努力建设一个妇儿慈善特色鲜明、辨识度高、品牌影响力大的基金会；着力打造一个理念新、机制活、专业化程度高的基金会；始终做一个守法合规、公开透明、安全发展的基金会；真正成为一个让党放心、让广大妇女儿童需要和满意的基金会,——,否,——,——,——,——,——,是,官网,是,是,海外交流访问
54,苏州工业园区绿色江南公众环境关注中心,0,0,0,2012年,2024,方应君、马军,——,——,江苏省苏州市,民办非企业单位,——,——,——,——,使命：让地球变得更好。愿景：让每个人都享有美好的生活环境。价值观：行动改变未来,——,否,围绕着推动全球可持续发展，在气候、性别、能源等领域加强国际合作与交流，提升社会组织专业能力和影响力，促进多利益相关方协同，共同应对全球性挑战,光伏绿链行动、促进气候和性别领域社会组织发展项目,西班牙、欧盟,宣传教育、环境调研等,直接和间接服务,否,官网、新闻,是,是,海外交流访问
55,西藏善缘基金会,1,1,0,2014年,2020（捐赠医疗用品）,理事长马志坚,——,——,西藏自治区,基金会,——,——,——,——,弘扬慈善文化，开展社会救助等公益活动,——,否,——,向尼泊尔捐赠口罩和氧气机、马铃薯产业合作,尼泊尔,资助贫困群体、开展公益项目等,直接和间接服务,否,官网,是,否,海外项目
56,湖北省青年民营企业家联合会,1,1,0,2017 年,——,会长程阿罗,李健、刘登峰、胡汶杰、邴倩,——,湖北省武汉市,社会团体,——,——,——,——,协助党委政府引导促进年轻一代民营企业家健康成长，服务促进会员企业健康发展,——,否,——,——,——,——,——,部分成员所在企业与政府有合作,官网、新闻,是,是,海外交流访问
57,武汉楚馨社会工作服务中心,1,1,0,2011年,——,理事长：赵立新,黄嫚、杨颂平、秦福应,——,湖北省武汉市,民办非企业单位,——,——,——,——,以专业社工服务，促进社会和谐发展,——,否,——,——,——,——,——,否,官网、新闻、百度,是,是,海外交流访问
58,武汉太阳之家互助中心,1,1,0,2014年,——,法定代表人周立峰,——,——,湖北省武汉市,民办非企业单位,——,——,——,——,为残疾人提供互助服务等,——,否,——,——,——,——,——,否,新闻,是,否,海外交流访问
59,襄阳市环境保护协会 — 绿色汉江,1,1,0,2001 年,2007（接受国际资金援助）,发起人兼原会长运建立、现会长苏青,邓伟、张文学,——,湖北省襄阳市,社会团体,——,——,——,——,保护汉江生态环境，推动环保事业发展,——,否,——,——,——,接受国际资金援助,——,是,官网、新闻、百度,是,是,海外交流访问
60,新疆山水环境保护与可持续发展中心,0,1,0,2005 年,——,法定代表人杨曙辉,——,——,新疆维吾尔自治区,民办非企业单位,——,——,——,——,致力于新疆生态环境保护与可持续发展,——,否,——,——,——,——,——,否,官网、新闻、百度,是,否,海外交流访问
61,赤峰市昭乌达妇女可持续发展协会,0,1,0,2001 年,2003（接受资金援助）,理事长袁文英、秘书长霍桂林,——,——,内蒙古自治区赤峰市,社会团体,——,——,——,——,相信妇女、尊重妇女、服务妇女，她们的成功就是对我们的最高奖赏和回报；珍视每个员工，每个创新永远是机构充满生机和活力的力量源泉；永远争取最佳、不懈追求更好是实现机构可持续发展的基石；做好每个项目，用好每一分钱就是最好的筹资环境,协会实行理事会领导下的秘书长负责制。会员代表大会是最高权力机构；理事会是决策机构；秘书处是执行机构,否,——,——,美国、德国、孟加拉国,引进海外资金、借鉴海外经验,——,是,新闻,是,是,海外交流访问
62,内蒙古服务贸易协会,1,0,0,2023年,——,会长呼戈,谭明涛、宝勒德、顾志刚、王亚滨、吴晓珊,——,内蒙古自治区,社会团体,——,——,——,——,推动内蒙古服务贸易发展,——,否,——,推动中蒙经济合作、促进万里茶道申遗合作,蒙古国、俄罗斯,推动经贸合作、促进文化交流、助力医药合作,直接和间接服务,否,新闻、百度,是,是,海外交流访问
63,天津市和平区善诚社区服务中心,0,1,0,2018年,——,经营者程玉华,——,——,天津市和平区,民办非企业单位,——,——,——,——,为社区提供专业服务，促进社区发展,——,否,——,——,——,——,——,否,新闻,是,否,海外交流访问
64,宁夏扶贫与环境改造中心,1,1,0,1998 年,1998（接受资金援助）,龙治普,——,——,宁夏回族自治区,民办非企业单位,——,——,——,——,努力解决宁夏回族自治区的贫困、环境、性别平等方面的问题,——,否,——,——,美国、德国、澳大利亚、亚洲、加拿大,接受资金援助,——,否,百度、新闻、微博,是,否,海外交流访问
65,长沙市爱乐社工服务中心,1,1,0,2013年,——,法定代表人张盈盈,——,——,长沙市,民办非企业单位,——,——,——,——,以专业社工服务，助力社会发展,——,否,——,——,——,——,——,否,新闻、百度,是,是,海外交流访问
66,安源区社会组织发展中心,0,1,0,2019年,——,法定代表人吴保华,——,——,江西省萍乡市安源区,民办非企业单位,——,——,——,——,促进安源区社会组织发展,——,否,——,——,——,——,——,否,新闻、百度,是,是,海外交流访问
67,东北师范大学家庭教育研究院,1,1,0,2017 年,——,院长赵刚,吕博、李易伦、保全老师,——,吉林省长春市,研究机构,——,——,——,——,推动家庭教育研究与实践，促进家校社共育,——,否,——,——,——,——,——,部分成员有教育领域官方背景,新闻,是,是,海外交流访问
68,长春市晨光未成年人关爱保护服务中心,0,1,0,2017年,——,法定代表人刘雪升,姜旺、王鸿、李晓龙、邵春雷,——,长春市,民办非企业单位,——,——,——,——,秉承“因真理，得自由，以服务”的公益初心，以“仁爱、热忱、专业、进取、合作、创新、卓越”为核心价值，开展未成年人保护工作,——,否,——,——,——,——,——,否,新闻,是,是,海外交流访问
69,赣州慧聪儿童康复训练中心,1,1,0,2003年,——,温嘉吉,潘慧、丁玉珍、吴梦莹、吴丽娟、陈翠萍,——,赣州市,民办非企业单位,——,——,——,——,"帮助有特殊需要的儿童获得科学、全面的教育训练，尽早发挥其潜在智能。帮助家长了解儿童心理知识和掌握正确的教育训练方法。倡导社会、学校对这一部分儿童给予客观评价和接纳。
",财务部、行政部、教学部、发展部、研究部、家长委员会,否,——,——,——,——,——,否,新闻、百度,是,是,海外交流访问
70,江西山江湖可持续发展促进会,1,1,0,1999年,1989（接受资金援助）,理事长徐伟民,刘梅影、陈葵,——,江西省,社会团体,——,——,——,——,通过开展广泛的交流合作，引进国内外人才、资金、技术和信息，促进江西省社会各界积极参与到保护鄱阳湖流域生态环境的行动中，推动江西山江湖区的可持续发展,——,否,——,《山江湖工程战略研究与规划》专项的资助,德国、荷兰、加拿大、英国、意大利等,接受资金援助,——,是,百科、新闻,是,否,海外交流访问
71,南昌益心益意公益服务中心,1,1,0,2010年,——,负责人彭海慧,吉曙光、陈凤,——,南昌市,民办非企业单位,——,——,——,——,秉承“专业、真诚、热情、严谨”的核心理念，以“用专业社会工作服务，帮助教育保护未成年人”为宗旨，践行“用生命影响生命，用青春护航青春”的使命，旨在推动江西公益事业发展,——,否,——,——,——,——,——,否,新闻、百度,是,是,海外交流访问
72,南昌德明公益服务发展中心,1,1,0,2015年,——,江敏,易永荣,——,南昌市,民办非企业单位,——,——,——,——,对心智障碍者的全程生命关怀,——,否,——,——,——,——,——,否,新闻、百度,是,否,海外交流访问
73,南昌太阳花社会工作服务中心,1,0,0,2013 年,——,杜兴强,李荔、唐斌,——,南昌市,民办非企业单位,——,——,——,——,扎根社区，服务社群,——,否,——,——,——,——,——,否,官网、新闻,是,是,海外交流访问
74,陕西省环保志愿者联合会,1,1,0,2013年,——,理事长刘晓君,丁岩林、王冰,——,陕西省西安市,社会团体,——,——,——,——,组织和协调本地区环保社团、青年环保组织和环保志愿者定期组织各种形式的环保宣传教育和环保公益活动，加强社会监督，维护公众环境权益等,——,否,——,——,——,——,——,否,百科、新闻,是,否,海外交流访问
75,陕西益邦人才服务中心,0,1,0,2012年,——,法定代表人张欣,——,——,陕西,非企业单位,——,——,——,——,——,——,否,——,——,——,——,——,是,新闻、百科、微博,是,否,海外交流访问
76,陕西妇女儿童发展基金会,1,1,0,2009 年,2023,理事长：燕君芳。副理事长：孙磊、马金燕。秘书长：刘克辉,理事：杨晖、杜娟、周素琴、王友发、江南、徐继红、李德民、孙艳艳、刘西艳。监事：张亚娣、张俊、强萃萍,——,陕西省西安市,公募基金,——,——,——,——,关爱妇女儿童，维护妇女儿童合法权益，促进社会为妇女儿童的发展创造良好的环境，推动妇女儿童事业全面发展,由理事会、监事会等构成,否,开展与港澳台同胞、海外侨胞、国际友好团体和人士以及各国妇女儿童组织、非营利组织的友好交流与合作,共筑家园——流动儿童保护与发展项目、陕西省社会组织通过早期养育与发展干预促进妇女决策项目,欧盟、世界宣明会,开展国际项目交流、参与国际会议和活动,间接服务,部分来自妇联等官方背景,官网、百科,是,是,海外项目
77,定边宇君社区文化服务中心,0,1,0,2009年发起2017年注册,——,主任田红艳,柳亚茹,——,定边,民办非企业单位,——,——,——,——,宗旨：以人为本，助人自助。使命：让每一个母亲心怀希望，让每一个孩子健康成长。愿景：构建妇女儿童友好社区环境,——,否,——,——,——,——,——,否,百度,是,是,海外交流访问
78,西安市青少年国际交流中心,1,1,0,2019 年,2023,法定代表人：苏鹏,——,——,陕西省西安市,民办非企业单位,——,——,——,——,致力于增进西安青少年与世界各国青少年之间相互了解、交流与合作，推动国际间的教育、文化合作和友好事业的发展，促进国家和谐发展和社会进步,——,否,致力于增进西安青少年与世界各国青少年之间相互了解、交流与合作,马来西亚壁画创作与交流项目、参与联合国相关活动、欧洲交流项目,马来西亚槟城,开展青少年国际交流知识科普宣传等,直接服务,无明显官方背景，但与官方联系紧密,百度,是,否,海外交流访问
79,上海闵行区江川绿色光年环保服务中心,1,1,0,2016年,2019,理事长倪欢,——,——,上海市闵行区,民办非企业单位,——,——,——,——,——,——,否,——,北欧国际青少年环保研学营、参与国际交流会议、参与COP29相关活动,瑞典、芬兰、丹麦等,环保知识学习与实践、实地参访调研、提升综合能力、文化体验,直接服务,无明显官方背景，但与官方联系紧密。部分成员所在单位与官方有一定的联系,百度、微博,是,是,海外交流访问
80,上海众谷公益青年发展中心,1,1,0,2012年,2019,理事长张斌峰,——,——,上海市,民办非企业单位,——,——,——,——,使命：让乡村与城市共享,——,否,——,“爱传递・再生电脑教室”,蒙古国、布基纳法索、肯尼亚、乌干达、缅甸,捐赠闲置电脑及电子产品，建设及回访电脑教室,直接和间接服务,否,百度,是,是,海外交流访问
81,上海市黄浦区公益慈善联合会,1,1,0,2011年,——,会长周安柱,副会长贾伦、秘书长徐翠华、党支部书记胡钦皓,——,上海市,社会团体,——,——,——,——,以“为民解困、为民服务”为宗旨，致力于帮扶困难群体、特殊群体和受灾群体,——,否,——,——,——,——,——,否,百度,是,否,海外交流访问
82,上海仁德基金会,1,1,0,2011年,——,理事长凌春香,秘书长王宛馨,——,上海市,公募基金会,——,——,——,——,宗旨：服务社会，造福人群；推动创新，促进和谐。使命：支持民间公益，推动公益创新，促进行业发展。,下设理事会和监事会,否,——,——,——,——,——, ——,百度、官网,是,是,海外交流访问
83,上海市静安真爱梦想教育进修学院,0,1,0,2020年,2023,法定代表人朱秋霞,执行院长刘惠、校长刘晓云,——,上海市,民办非企业单位,——,——,——,——,以赋能和陪伴仁爱、专业、好学力行的梦想领路人为己任,——,否,——,——,——,出席美国比较与国际教育学会（cies）2023年度大会并发表主旨演讲,直接服务,否,百度、新闻,是,是,海外交流访问
84,青神县乡村妇女儿童合作发展促进会,0,1,0,2007年,2006（接受资金援助）,法定代表人涂梅,秘书长易丽平、项目负责人丁占勇,——,四川省眉山市,非营利性社会团体,——,——,——,——,愿景：让每一个母亲心怀希望，让每一个孩子实现梦想。使命：从事乡村“贫困母亲互助脱贫”和“留守儿童教育保护”工作。,——,否,——,——,德国、法国,实施德国EED基金会资助的“留守人口干预研究项目”、接受法国巴黎银行的资金支持,直接服务,否,百度、新闻,是,否,海外交流访问
85,青神县向阳社会工作服务中心,0,1,0,2021年,——,法定代表人陈晴,——,——,四川省眉山市,民办非企业单位,——,——,——,——,——,——,否,——,——,——,——,——,否,百度、招聘网,是,是,海外交流访问
86,成都市锦江区爱有戏社区文化发展中心,1,1,0,2009年,2023,法定代表人杨海平,刘飞、杜灿灿、吕小英、张利君,——,四川省成都市,5A级社会组织,——,——,——,——,使命：协力构建更具幸福感的社区,——,否,——,——,泰国清迈,参与议题、开展活动,直接服务,无明显官方背景，但部分成员在相关官方组织或活动中有任职,百度,是,是,海外交流访问
87,成都倍力社会组织发展促进中心,1,1,0,2016年,——,法定代表人代锦,——,——,四川省成都市,民办非企业单位,——,——,——,——,致力于促进社会组织的发展，在推动社区营造、提升社会组织能力等方面发挥着作用,——,否,——,——,——,——,——,否,百度、招聘网,是,否,海外交流访问
88,四川原点公益慈善中心,1,1,0,2016年,——,法定代表人刘剑峰、副理事长高思发、郭虹、理事代国宏,监事高圭滋,——,四川省成都市,2008前身为北川中国心志愿者团队，现为民办非企业单位,——,——,——,——,使命：致力民间灾害救援，助力儿童韧性成长，协力社会组织发展。愿景：有灾无害，否极泰来。组织文化：责守、思学、陪伴、专业,——,否,——,——,——,——,——,否,官网、百度,是,是,海外交流访问
89,云南思力生态替代技术中心,1,0,0,2002年,2014,法定代表人杨红艳,李春良、左智、况荣平,——,云南省昆明市,研究机构,——,——,——,——,——,——,否,——,——,德国,与国外机构开展倡导活动，开展推广活动,直接和间接服务,是,百度、新闻,是,是,海外交流访问
90,云南省国际民间组织合作促进会,1,1,0,1993年,2014年,理事长​：李荣康,秘书长​：李丛宇,——,云南省昆明市,社会团体,——,——,——,——,宗旨是促进云南省与国外民间组织在扶贫开发、环境保护和社会发展方面的交流和合作，为云南省贫困地区提供技术服务和支持基层民间机构的能力建设,最高权力机构​：理事会，日常办事机构​：秘书处，业务主管单位​：云南省商务厅,否,宗旨是促进云南省与国外民间组织在扶贫开发、环境保护和社会发展方面的交流和合作，为云南省贫困地区提供技术服务和支持基层民间机构的能力建设,“一村一电视”项目、“一寺庙一电视”项目等；缅甸木姐农村地区健康促进项目​、援老挝公路路政管理培训合作项目​、阿富汗人道援助行动​,缅甸、老挝、欧盟、阿富汗,涉及乡村道路建设、医疗卫生、农村生活条件改善等领域、接受国际资金支持,直接和间接服务,是,百度、官网、云南日报网、爱企查、中国新闻网、新闻、中国政府网,是,是,海外项目
91,云南省绿色环境发展基金会,1,1,0,2008年,2019,理事长吴霞、副理事长尹仑,薛达元、章煜、窦虹、王兴刚、李贵祥、周嘉鼎、刘晓海等,——,云南省,公募基金会,——,——,——,——,宗旨：争取国内外人士和组织支持，吸引社会各界共同参与生态环境建设，关注森林与气候变化，致力于多重效益造林，保护生物多样性，构建生态和谐社区，促进可持续发展,下设理事会、秘书处,否,——,无价星球联盟——云南玉溪森林生态修复项目,老挝,提供CDM造林再造林项目开发的技术支持、咨询及合作，对外援助安装设备、组织培训,直接和间接服务,是,百度、官网,是,是,海外项目
92,云南乡村之眼乡土文化研究中心,1,1,0,2015年,2020,理事长陈学礼、副理事长吕宾,曾庆新、田晨、申项芳、普文龙、尤鲁青、王凡,——,云南省,2007前身为北京山水自然保护中心、现为民办非企业单位,——,——,——,——,使命：助力自然保护与文化发展的行动者，用影响记录、传承和传播乡土智慧,——,否,——,“澜湄之眼”东南亚少数民族影像技术人才培训计划、“澜湄之眼-中缅影视人类学合作研究中心援建及民族志影像技术成套援助”项目,缅甸,进行技术人员培训,直接服务,否,百度、官网,是,是,海外交流访问
93,昆明植根社会工作发展中心,1,1,0,2015年,2021,法定代表人赵娟,——,——,云南省昆明市,民办非企业单位,——,——,——,——,——,——,否,——,“皎漂未来”公益行动中文培训项目、- 缅甸若开邦“共筑家园”项目,缅甸,为缅甸青少年提供中文培训、开展中国文化交流活动,直接服务,否,百度、百科,是,否,海外项目
94,昆明市呈贡区梦南舍可持续发展服务中心,1,1,0,2018年,——,理事长申项芳,——,——,云南省昆明市,民办非企业单位,——,——,——,——,愿景：人与自然共生，人与人互助的美好生活。 使命：与社区、政府部门和社会各界一起努力，发掘和培养社区内生力量，探索实现美好生活的道路和方法,——,否,——,——,——,——,——,否,百度、中国善网,是,否,海外交流访问
95,昆明益行公益社区发展服务中心,1,1,0,2016年,2024,主任孔宪华,许兴娟、王艳琼,——,云南省昆明市,民办非企业单位,——,——,——,——,——,——,否,——,老挝琅南塔省救灾物资筹集捐赠与公益交流活动,老挝,物资援助,直接服务,是,百度、微博,是,是,海外项目
96,昆明市西山区永续动力城乡社区服务中心,1,1,0,2017年,——,法定代表人吴晨,郑安,——,云南省昆明市,民办非企业单位,——,——,——,——,——,——,否,——,——,——,——,——,否,百度、微博、新闻,是,否,海外交流访问
97,丽江市能环科普青少年绿色家园,1,1,0,2008,——,陈永松,廖思难,——,云南省丽江市,民办非企业单位,——,——,——,——,展现三江并流区域丰富的生物多样性资源和社区传统生计，揭示科技和环保的作用，促进资源永续利用和社区可持续发展,——,否,——,——,——,——,——,否,百度、百科,是,否,海外交流访问
98,浙江省绿色科技文化促进会,1,1,0,2013年,2018,会长阮俊华、副会长忻皓,董舒、王倩、苗青,——,浙江省,民办非企业单位,——,——,——,——,——,——,否,——,执行钱塘论潮—H20国际拥江发展城市大会、“中外科学对话·科技助力零碳时代”国际研讨会,德国、美国、马来西亚、基里巴斯、阿联酋、坦桑尼亚,参与国际交流与合作，推动绿色科技文化的国际传播与合作,直接服务,否,百科、新闻,是,是,海外交流访问
99,浙江省社会工作师协会,1,1,0,2014年,——,会长杨建华,关笑丹、董志锋、胡洪潇,——,浙江省,社会团体,——,——,——,——,以“联合社工、发展专业、规范行业、服务社会”为宗旨，致力于联合全省社会工作者的力量，推动社会工作事业健康、持续、快速发展,——,否,——,——,——,——,——,否,百度、招聘网,是,否,海外交流访问
100,杭州益嘉仁社会工作服务中心,0,1,0,2015年,——,法定代表人赵田松,——,——,杭州市,民办非企业单位,——,——,——,——,使命与愿景：秉承“关爱个人、服务家庭、支持社区、回报社会”的使命，怀抱着“个人和善、家庭和乐、邻里和睦、社会和谐”的愿景,——,否,——,——,——,——,——,否,百度、招聘网,是,否,海外交流访问
101,湖南爱与教育咨询有限公司,1,0,0,2016,2014,法定代表人潘郁,监事潘凤,商业公司,湖南省长沙市,企业,——,——,——,——,——,——,否,旨在带领中国青少年走进“一带一路”沿线发展中国家，近距离接触不同国家的文化和社会，通过志愿活动，贡献时间和精力，深入了解不同国家社会问题，获得对社会问题的亲身感受和独立观点，形成包容慈爱、独立自信的性格，从而培养中国青少年不偏不倚的国际观和世界观，成为具有坚毅品格的中国青少年和具有责任意识的世界公民,“看见世界~共创未来”国际志愿研学营,柬埔寨,开展志愿研学营,直接服务,否,中国发展简报、百度百科、企查查,是,否,海外交流访问
102,中国扶贫基金会（现更名为中国乡村发展基金会）,1,0,0,1989,2011,理事长郑文凯、副理事长王行最、副理事长兼秘书长刘文奎,监事长朱登云、监事杨健、高守太、名誉副会长黄健、费孝通,——,北京市,基金会,——,——,——,——,"愿景：构建更值得信任、更值得期待、更值得尊敬的国际公益平台
使命：助力乡村发展，促进共同富裕 
价值观：服务 改变 阳光 坚韧。服务： 专业，敬业，激情，效率，始于需求，将心比心，成就他人。改变： 正视改变，拥抱改变，创造改变。阳光： 开放、透明、诚信、率真。坚韧： 不改初心，不屈不挠，无怨无悔",——,是（埃塞俄比亚、缅甸、尼泊尔等）,旨在改善受益国有需求小学生的基本学习条件，协助受益国优质教育的发展，帮助妇女链接市场，保证可持续收入来源同时促进两国友好发展,HIV学生营养补助项目、WASH项目、中缅友好奖学金项目、乌干达幸福家园-难民自立与社区融合项目、尼泊尔乙肝筛查项目、国际爱心包裹项目、妇女职业培训项目、学校净水项目、家庭水窖项目、尼泊尔灾后学校重建项目、帮助土库曼斯坦残疾人获得体面工作项目、微笑儿童学校供餐项目、电脑教室及残障人士职业支持项目、缅甸太阳能灯项目、缅甸胞波助学金项目、青年职业培训项目,埃塞俄比亚、尼泊尔、缅甸、乌干达、蒙古国、津巴布韦、巴基斯坦、纳米比亚、柬埔寨、土库曼斯坦、苏丹,提供优质教育和促进健康保障，提供厕所、水塔、洗手池等设施支持，进行清洁用水培训，进行人道救援,直接和间接服务,是,中国发展简报、官网,是,是,海外注册
103,彩虹公益社,0,0,0,2011,2016,法定代表人任志浩,——,——,甘肃省,民办非企业单位,——,——,——,——,公益社工作人员及志愿者以多元、专业的工作手法努力改善偏远地区教育环境、倡导和推动青少年儿童保护，特别是女童保护、培养青年公益人才、推行社区可持续发展项目、开展以儿童为中心的人道主义救援等工作“一个没有贫困、暴力、歧视等障碍的世界， 所有儿童都享有发展、健康、有尊严的权利。”,下设理事会（青年理事会、监事会）、反不正当行为委员会、秘书处（督导、顾问）（儿童保护与性别平等、城市社区与公众传播、青年发展与公益倡导、国际事物发展、人道主义救援、财务与行政事务）,是（尼泊尔）,支持及鼓励尼泊尔学生上学，公益社在辛杜帕尔乔克县支持及鼓励学生完成正规教育，让尼泊尔青年意识到自己可以通过运用自己的技能来改造整个尼泊尔社会,Rainbow Schoolmate、Rainbow SENSE、Rainbow SMART Youth、低收入孩童教育计划、彩虹孤儿救援、彩虹学校、贫民窟儿童支持计划,尼泊尔,开展教育工作、组织灾害救援、技术交流与培训,直接服务,是,中国发展简报、官网、企查查、微博,是,是,海外注册
104,中国生物多样性保护与绿色发展基金会（前身为中国麋鹿基金会）,0,0,0,1985,2017,理事会胡德平、谢伯阳、周建等,副理事长兼秘书长周晋峰,——,北京市,公募基金会,——,——,——,——,广泛动员全社会关心和支持生物多样性保护与绿色发展事业，保护国家战略资源，推动绿色发展事业，保障社会经济可持续发展，促进生态文明建设和人与自然和谐，构建人类美好家园。,——,否,秉持地球生命共同体理念、积极参与全球环境治理、推动国际生态保护行动、注重科技伦理与创新、促进国际人才培养交流,"尼日利亚水安全项目、越南穿山甲项目
",尼日利亚、越南,实施水安全保障、开展穿山甲救助、野放等相关研究工作，学习穿山甲救护措施和相关培训,直接和间接服务,是,中国发展简报、百度百科、新闻,是,是,海外项目
105,北京平澜公益基金会,1,1,1,2018,2015,理事长王珂、副理事长陈彤,理事王阳、肖央、张强、刘志华、卜桂军、监事长邱莉莉、监事周鑫宇、马翔宇,中国国福利基金会,北京市海淀区,非公募基金会,——,——,"￥2,230,362.96 ",2018年,使命：成为敢于担当、勇于行动的危机应对者，让世界因我们多一些平定，少一些波澜。以凝聚新兴力量，创新全球治理为使命，致力于应对全球人道和环境危机。愿景：凝聚新兴力量，创新全球治理。,理事会、监事会、秘书处、香港办公室、柬埔寨办公室、坦桑尼亚办公室、日内瓦办公室,是（瑞士日内瓦）,凝聚力量创新治理、担当行动应对危机、开展持续发展项目、加强合作满足需求、促进交流增进理解,津巴布韦反盗猎、柬埔寨排雷项目、黎巴嫩难民援助项目、救援及赈灾、排雷行动、难民援助、环境保护,泰国、非洲、朝鲜、斯里兰卡、伊朗、柬埔寨、黎巴嫩、津巴布、叙利亚等国家地区,进行人道救援、交流合作促进环境保护和动物保护,直接和间接服务,否,中国发展简报、官网、新闻,是,是,海外注册
106,社会责任家,0,0,0,2021,2015,——,——,北京益行者公益基金会,北京市,社会团体,——,——,——,——,通过青年力量开展社会责任领域项目，传播社会责任实践者的故事，为青年人打造SDGs的传播与实践的平台，推动中国与世界承担社会责任并落实联合国SDGs,——,否,通过植树造林的方式保护当地生态环境，改善当地生计，赋能当地居民，建立中菲多主体议题网络，为SRP海外中国女性权益保护项目打好基础，便于开展女性权益相关项目等议题网络,海外女性保护项目、菲律宾UMI项目,比利时、法国、菲律宾,促进性别平等,直接服务,否,中国发展简报、新闻、百度,是,否,海外项目
107,深圳市国际交流合作基金会,1,0,0,2014,2017,主席王石、理事长李丹、副理事长齐佳、沈丹、郑永年、陶一桃、黄宏生、游忠惠,监事金延亮、荣誉会长陈十一、郎朗、马蔚华、汤丽霞,——,深圳市,基金会,——,——,——,——,致力于搭建国际交流合作平台，助力深圳国际化创新型城市建设，支持社会各界参与全球治理,设置理事会、荣誉系列（永远荣誉会长（单位）、荣誉会长（单位）、荣誉副会长（单位）、荣誉理事（单位）和荣誉会员（单位）等荣誉职务）、监事会、秘书处,是（澳大利亚布里斯班、加拿大多伦多、瑞典）,围绕“廉价清洁能源”、“体面工作和经济增长“两大联合国可持续发展目标，致力于应对湄公河国家偏远地区发电量不足、供电设施缺乏、居民用电成本高的挑战，通过引进以分布式光伏发电为核心的创新技术应用，为提高有关国家用电普及率、改善当地民生探索可持续的解决方案,湄公河太阳村,柬埔寨、缅甸,促进农村发展、扶贫,直接服务,是,中国发展简报、官网,是,是,海外项目
108,中华全国妇女联合会,1,0,1,1949年3月24日至4月3日,1949年,主席：谌贻琴，副主席：黄晓薇，书记处第一书记：黄晓薇,桑顶·多吉帕姆·德庆曲珍、张晓兰、葛晓燕、余艳红、徐晓兰、马潞、林怡、冯玲、章冬梅、陈化兰、蒙曼、张柱梅、王亚平、马列坚、宋莉书、那艳芳,——,北京市,社会群众团体,——,——,——,——,团结全国各族各界妇女，争取进一步解放与发展，是中国共产党领导下的人民团体，是党和政府联系妇女群众的桥梁和纽带，是国家政权的重要社会支柱,全国妇联的最高权力机构是全国妇女代表大会，下设全国妇联主席、副主席、书记处、执行委员会、地方各级妇联组织,否,通过国际交流与合作，促进各国妇女之间的相互了解与友谊，推动全球妇女事业的发展,"全国妇女发展合作交流培训基地、“凝聚女性力量，共建‘一带一路’”主题交流活动、中非妇女合作项目、“支持女性应对疫情及后期经济恢复”项目、“小而美”项目、“澜沧江-湄公河流域国家”妇女干部研修班、拉美妇女干部培训班、国际援助项目、‘一带一路’相关项目、开展国际会议

",发展中国家、亚洲、非洲,开展教育培训、促进交流沟通、援助服务、开展国际会议分享经验,直接和间接服务,是,官网、百度、新闻、中国政府网,是,是,海外项目
109,中华环保基金会,1,0,1,4/1/1993,6/1/1992,现任理事长：徐光，创始人：曲格平,副理事长：刘春龙、汪劲，秘书长：刘春龙（兼），副秘书长：王振刚，副秘书长：唐艳冬,——,北京市,基金会（公募）,——,——,——,——,中华环境保护基金会的宗旨是“取之于民、用之于民、保护环境、造福人类”，致力于为社会各界搭建绿色、开放、共享的生态环境保护公益平台，助力生态文明建设,名誉理事长、理事长、秘书长、各部门：根据基金会的业务范围，设有项目部、宣传部、财务部等部门,否,基金会积极开展国际合作，推动全球环境保护事业，提升中国在国际环保领域的影响力,"中国环境法治公益平台项目、中摩合作太湖蓝藻水华综合信息平台建设与示范项目二期、创绿行动、支持绿化保护地球，助力中国贡献全球环境治理等

",摩洛哥、亚洲等国,开展环境法律培训、资助环保社会组织、推动环境公益诉讼等,直接和间接服务,是,官网、中国发展简报、百度、新闻、环球网、中华人民共和国生态环境部,是,是,海外项目
110,亚洲烟草控制咨询有限公司,1,0,1,6/5/1990,——,——,——,有限公司,香港,有限公司,——,——,——,——,亚洲烟草控制咨询有限公司的组织理念主要围绕烟草控制展开，致力于提供专业的咨询服务，推动烟草控制政策的制定与实施，减少烟草对公共健康的危害,——,否,"通过国际合作项目推动全球烟草控制

",——,——,"涉及烟草控制政策咨询、研究与技术支持，包括政策研究、培训、技术支持等

",间接服务,——,新闻、百度,是,否,海外交流访问
111,亚洲法律资源中心（ALRC）,1,0,1,1986年,——,——,——,——,香港,具有联合国经济及社会理事会的全面咨商地位,——,——,——,——,亚洲法律资源中心致力于对亚洲司法机构进行彻底反思和根本性重新设计，以确保根据国际公约为侵犯人权行为的受害者提供救济和补救。特别强调文化、社会和经济权利以及发展权领域,——,否,致力于在亚洲几个国家开展广泛工作，与区域、国家和地方团体密切合作，提供支持并保护这些团体的自主权和独立性,亚洲：强迫失踪继续存在，零问责和全面有罪不罚、孟加拉国：为强迫失踪受害者伸张正义所需的独立调查机制、亚洲：具有结束任意剥夺生命所需法治的民主治理等,亚洲多个国家、柬埔寨、斯里兰卡、孟加拉国、印度尼西亚,促进和支助具体法律服务和资源方案的发展，推动地方一级的自助，加强律师协会和其他法律机构在法律和人权问题上的积极行动,直接和间接服务,——,百度、官网、新闻,是,否,海外项目
112,北京青少年法律援助与研究中心,1,0,1,"1999年4月成立,2004年正式登记注册",——,主任：佟丽华，副主任：张雪梅,——,——,北京市,民办非企业单位,——,——,——,——,中心的宗旨是致力于未成年人权益保护，推动律师参与未成年人保护工作，构建覆盖全国的未成年人保护协作网络，促进未成年人法学研究和法律政策的完善,——,否,——,"2011年获得联合国经社理事会特别谘商地位

",——,——,——,是,官网、新闻,是,是,海外交流访问
113,北京手工艺术协会,1,0,1,2012年,2012年,会长：高鼎奇，秘书长兼党支部副书记：贺小宁,"副秘书长：季顺

",——,北京市,民办非企业单位,——,——,——,——,北京手工艺术协会旨在挖掘、保护、继承和弘扬传统手工艺术，有效组织手工艺术领域的国内、国际交流与创新，协助国家相关机构制定手工艺术行业相关标准，举办各类手工艺术知识培训讲座以及培养手工艺术专业人才,会长、秘书长兼党支部副书记、副秘书长、其他部门等,否,协会致力于推动手工艺术的国际交流与合作，通过国际项目展示中国传统手工艺术，促进文化传承与创新,中法文化艺术交流、支持肯尼亚当地建设服装和皮革工业园,肯尼亚、法国等，一带一路相关国家,"推动国际间流失文物的返还，帮助相关国家开展文物返还工作。通过国际交流活动、举办国际论坛等形式，促进手工艺术的国际传播

",直接和间接服务,部分成员具有一定的官方背景，主要体现在与政府部门的合作项目以及在相关行业协会中的任职,官网、新闻、BOSS直聘、百度、天眼查,是,否,海外交流访问
114,Beijing E-Share Civil Society Information Center（北京益行公益信息交流服务中心）（中国发展简报）,1,0,1,1996年成立，2017年注册,——,理事长/法人代表：张耿瑞，副理事长：汪庭馀,"房育为，芦耕宇，钱霄峰，王安信，王卓伦，刘学永
",——,北京市,非政府组织,——,——,——,——,通过信息交流和资源匹配，促进民间社会的可持续发展，基于独立和专业的原则,设有董事会、顾问委员会、秘书处,否,通过与国际非政府组织合作，推动中国民间社会组织的国际化发展，并在国际平台上展示中国民间社会的成就,——,——,"提供国际交流平台，促进中国民间社会组织“走出去”，并推动国际非政府组织在中国的发展

",间接服务,否,官网、新闻、百度、中国发展简报,是,否,海外交流访问
115,北京环球英才交流促进会,1,0,1,2015年,——,会长：王广发、执行会长兼秘书长：丁志峰,"首席高级专家：马俊如、高级专家：杨长聚，孔祥仁

",非营利性组织,北京市,非营利性社会团体,——,——,——,——,北京环球英才交流促进会致力于加强国际人才交流合作，推动创新驱动发展战略，促进人类文明交流互鉴。其宗旨是通过“请进来，派出去”的方式，为国际化人才和用人单位进行服务性对接，为引进归国创业人才、培养国际化复合型人才提供专业服务与智力支持,设立会长、执行会长兼秘书长、首席高级专家、高级专家、专业委员会,否,促进会广泛开展国际交流与合作，引进人才、技术与项目，推动国际人才交流与科技创新合作,举办“聚英”论坛暨环球英才峰会、2019中关村论坛-全球院士科技创新与合作平行论坛、2024新年环球英才联谊会、俄罗斯工程院中国中心成立仪式、国际名师讲堂、高端专家讲座,俄罗斯、美国、巴基斯坦、非洲等,"包括引进国外专家、技术与项目，推动国际科技交流与合作，举办国际论坛、学术会议、项目对接洽谈会等

",直接和间接服务,是,官网、新闻、百度、爱企查、知乎,是,是,海外交流访问
116,北京绿研公益发展中心,1,1,1,2012年,2015年,执行主任：白韫雯,项目总监：徐嘉亿,——,北京市,非营利性社会组织,——,——,——,——,北京绿研公益发展中心致力于全球视野下的政策研究与多方对话，聚焦可持续发展领域的前沿问题与创新解决方案，助力中国高质量地实现“碳中和”目标并推进绿色、开放、共赢的国际合作，共促全球迈向净零排放与自然向好的未来,——,否,"通过国际项目推动全球气候治理、生物多样性保护和绿色金融合作，促进中国在国际环境治理中的参与

",中国-东南亚气候适应合作、中国中亚、南亚可再生能源合作、中国-东盟生物多样性保护合作、“一带一路”绿色金融与投资合作、国际气候治理与投融资合作,"东帝汶、菲律宾、柬埔寨、老挝、马来西亚、缅甸、泰国、文莱、印度尼西亚、越南、哈萨克斯坦、吉尔吉斯斯坦、塔吉克斯坦、乌兹别克斯坦、土库曼斯坦、东盟国家、南亚国家、中亚国家

","举办国际研讨会、发布研究报告、参与国际会议，包括政策研究、国际对话、推动国际合作等

",直接和间接服务,否,官网、百度、知乎、新闻,是,是,海外项目
117,北京市光明慈善基金会,1,0,1,2014年,2019年,理事长为李林,秘书长：王宝岭，执行秘书长：姚沁春，副秘书长：杨秀丽、管海飞、韩敬云、王杰、高强,——,北京市,基金会（非公募）,——,——,——,——,宗旨：以开展慈善活动为宗旨，不以营利为目的，倡导企业履行社会责任，促进社会和谐进步。慈善文化：呼吁企业开展慈善文化活动，将企业文化与慈善文化有机结合，将企业员工培养成自愿奉献的公益人，提高企业凝聚力，增加企业员工幸福指数，慈善从基层开始，公益从小事起步。信息公开：按照“公平、公正、公开，安全、有效、求实”原则，及时公布项目信息，报告资金使用情况。,"下设理事会、专项基金管委会、办公室、项目部、国际部、财务部、志愿者管理部等。



",是（有美国代表处）,通过国际公益项目的策划与执行，对接联合国业务关系及项目，负责公益项目的科研课程的研发，对接志愿团队与执行团队，落实公益项目的筹款与实施,2019年获得联合国经社理事会非政府组织特别咨商地位，“星星工程”援助孤独症群体公益项目,主要在联合国总部纽约开展活动,"孤独症儿童及家庭人权保护及共建共发展，在联合国人权理事会等国际会议上发出中国声音，分享中国经验

",直接和间接服务,是,官网、新闻、百度、公益时报网,是,是,海外交流访问
118,北京国际交流协会,1,0,1,1989年,2012年,会长：张延岐，常务副会长：吴龚，副会长：赵普叶、周伟强、刘伟、杨震、安连歌,"秘书长：郭杰妮，副秘书长：梁思辰、张绍峰

",——,北京市,非营利性社会组织,——,——,——,——,北京国际交流协会的宗旨是在全球化背景下，通过策划和组织“引进来”与“走出去”相结合的双向国际实践活动，增进国际好感，提高中国的良好声誉和国家形象。协会致力于广泛团结国内外爱国人士，通过民间形式的对外交流活动，增进各国人民之间的友好往来，让世界了解中国，让中国走向世界,设置理事会、监事会、各部门（秘书处、国际合作部、办公室、财务部等，下辖可持续发展专业委员会、法律专业委员会、文化贸易促进专业委员会、影像文化工作委员会、青少年文化交流专业委员会）,否,协会通过国际交流活动，促进国际合作与交流，推动构建人类命运共同体,"举办首届汉旺论坛倡议牵头的中荷合作项目
德阳旌南湿地公园项目",荷兰,引进荷兰阿姆斯特丹先进的地下水人工回灌技术，建设集水净水供水和科研教育的综合性多功能湿地公园,直接服务,是,官网、百度、新闻,是,是,海外交流访问
119,北京市民间组织国际交流会,1,0,1,2007年,7/1/2009,"会长：黄承祥，副会长：张谦，秘书长：徐强

",——,——,北京市,非营利性社会组织,——,——,——,——,宗旨是推动北京市民间组织与国际非政府组织的交流与合作，通过工作调研、政策宣传、信息咨询、出版刊物、专业培训、组织活动等形式为北京市民间组织参加国际非政府组织活动提供服务,最高权力机构：会员代表大会。内设机构：秘书处、理事会、常务理事会,否,通过国际交流与合作，促进中外民间组织的友好往来，推动构建人类命运共同体,联合国亚太地区非政府组织论坛,亚太地区,"促进亚太地区非政府组织之间的交流与合作

",间接服务,是,官网、百度、中国政府网、中国网、中国发展简报、新闻,是,是,海外交流访问
120,北京鹏门国际贸易有限公司,1,0,1,2012年,——,法定代表人：付琦龙,——,有限责任公司,北京市,有限责任公司,——,——,——,——,北京鹏门国际贸易有限公司以“诚信为首、品质为佳”为采购理念，致力于实现檀香紫檀的物种恢复和药用价值开发，助力人类健康。其发展理念为“去伪存真·言而有信”，经营理念为“共建共享·共策共赢”，发展标准为“体系化·国际化·标准化·品牌化”,——,否（但与多国有国际贸易）,——,——,东南亚、非洲、南美洲等地区,通过合法贸易获取檀香紫檀原木，进行药用开发和产品销售,直接服务,否,企查查、爱企查、百度、BOSS直聘、新闻,是,是,海外交流访问
121,北京致诚农民工法律援助与研究中心,1,0,1,2005年,——,主任：佟丽华,——,——,北京市,民办非企业单位,——,——,——,——,北京致诚农民工法律援助与研究中心致力于为农民工提供免费法律援助，推动农民工权益保护，促进劳动法学研究和法律政策的完善。该中心强调通过法律援助帮助农民工依法维权，同时注重矛盾化解,——,否,北京致诚农民工法律援助与研究中心致力于为农民工提供免费法律援助，推动农民工权益保护，促进劳动法学研究和法律政策的完善。该中心强调通过法律援助帮助农民工依法维权，同时注重矛盾化解,参加亚欧人权论坛、中欧司法研讨会等国际会议,——,参加国际会议宣传中国成就,间接服务,否,官网、中国发展简报、新闻、人民网,是,是,海外交流访问
122,国际得胜生命差传基金会 ,1,0,1,——（有限公司成立于2008年）,——,伍德荣会督,——,——,香港,基金会,——,——,——,——,国际得胜生命差传基金会致力于通过基督教信仰推动社会服务和国际项目，强调跨文化宣教和社区发展。其理念包括促进不同种族和文化之间的和谐关系，并通过“一带一路”倡议下的和谐神学精神，推动社会服务,——,否,通过跨文化宣教和社区服务，促进不同种族和文化之间的和谐关系,斯里兰卡当代研究中心项目、国际和谐可持续发展研究所项目等,斯里兰卡,通过研究和社区服务，促进不同种族和文化之间的和谐关系，推动社会可持续发展,直接和间接服务,否,中国发展简报、百度、知乎,是,否,海外交流访问
123,中国与全球化研究中心 （CCG）,1,0,1,2008年,2008年,理事长兼主任：王辉耀，秘书长：苗绿,——,社会智库,北京市,非营利性组织,——,——,——,——,中国与全球化研究中心（CCG）秉承“国际化、影响力、建设性”的专业定位，坚持“用全球视野，为中国建言；以世界眼光，为中国献策”，致力于中国的全球化战略、全球治理、人才国际化和企业国际化等领域的研究,——,是（华盛顿、纽约、伦敦、法兰克福、巴黎、悉尼和里约热内卢）,致力于通过国际交流与合作，推动中国在全球化背景下的战略发展，提升中国在全球治理中的影响力,"国际人才交流、全球化战略研究、全球治理合作等

",美国、欧洲、亚洲等地区,通过举办国际研讨会、发布研究报告、开展国际合作项目等形式进行,直接和间接服务,是,官网、百度、中国网,是,是,海外交流访问
124,成美慈善基金会 ,1,0,1,2010年,2013年,理事长：蒋会成，秘书长：刘英子,——,——,海南省海口市,公募基金会,——,——,——,——,成美慈善基金会秉承“人是我们的第一投资”的核心理念，致力于成人之美，大爱无疆。其关注教育、医疗、文化、环保等四大领域的社会发展工作，支持民间社会创新及可持续发展,下设理事会、秘书处、项目团队,否,通过国际慈善合作，推动全球公益事业发展,尼泊尔妇女儿童健康项目,尼泊尔,通过与当地慈善组织合作，开展医疗培训、健康教育和物资捐赠,直接服务,否,官网、中国发展简报、爱企查,是,是,海外项目
125,中国农业大学 ,1,0,1,1905年京师大学堂农科大学，1995年合并为中国农业大学,——,现任党委书记：钟登华，校长：孙其信,——,——,北京市,公立大学,——,——,——,——,中国农业大学以“解民生之多艰，育天下之英才”为己任，致力于培养高素质的农业人才，推动农业科技进步，服务国家现代化建设,学校设有多个学院和研究机构,否,培养国际化人才，推动全球农业发展，促进中外教育文化交流，服务“一带一路”倡议，创新人才培养模式，提升国际影响力,“中非农业合作项目”“中巴农业科技创新联合实验室”等,非洲、巴基斯坦等,农业技术培训、农业科研合作、农业人才培养等,直接服务,是,官网、中国教育在线、百度,是,是,海外交流访问
126,中国军控与裁军协会 ,1,0,1,2001年,2001年,会长：张炎，秘书长：戴怀成,中国国际问题研究所、中国现代国际关系研究院、北京理工大学等机构的专家学者,——,北京市,非营利性组织,——,——,——,——,协会的宗旨是组织协调全国民间军控、裁军与不扩散活动，推动该领域学术研究，开展国内外交流，以推动国际军控、裁军与不扩散进程，维护世界和平,协会设会长、常务副会长、副会长及高级顾问，秘书处为常设机构，由秘书长、副秘书长及若干工作人员组成,否,通过与国际组织和其他国家的非政府组织、研究机构开展交流与合作，推动国际军控、裁军与防扩散进程,中美一轨半军控对话、与联合国裁军事务办公室等联合举办的军控专题研讨会、“五核国青年专家与中国智库对话会”等,美国、俄罗斯、欧盟、日本、澳大利亚、印度、巴基斯坦、朝鲜,主要包括开展军控、裁军与防扩散领域的研究、交流、对话、培训等活动,间接服务,是,官网、爱企查、百度、人民网、中华人民共和国外交部,是,是,海外交流访问
127,中国国际科学技术合作协会,1,0,1,1992年,1992年,"会长：姚为克，副会长：冯瑄、王振宇、张永涛等，秘书长：孙丽杰



",科学技术部、中国科学院、中国工程院、中国科学技术协会、国家自然科学基金委员会等单位的专家学者和科技工作者,——,北京市,非营利性组织,——,——,——,——,协会的宗旨是应对经济全球化和国际科学技术创新日益活跃的环境，紧密围绕全面建设小康社会的奋斗目标，以提高国家科技自主创新能力和增强参与国际合作与竞争的能力为中心，贯彻实施“官民并举”和“引进来”与“走出去”相结合的方针，充分利用国际科技资源和开放的国际科技合作环境，开展全方位、宽领域、多层次的对外科技合作，为国家经济建设、社会发展和科技进步服务,协会由科学技术部、中国科学院、中国工程院、中国科学技术协会、国家自然科学基金委员会联合发起成立，具有法人地位。其组织架构包括会长、副会长、秘书长及理事会等，秘书处为常设机构,否,协会致力于促进中外科研人员和企业家的合作与交流，为国外伙伴寻找在中国的科技合作机会，搭建国际科技合作的民间平台,"国际科技合作项目咨询与服务、国际科技交流活动、国际科技合作研究

",涵盖全球多国家,国际科技合作项目的咨询、对接、交流活动组织、研究支持等,间接服务,是,官网、天眼查、 百度、中国科学院,是,是,海外交流访问
128,中国西藏文化保护与发展协会,1,0,1,2004年,——,首任会长：阿沛·阿旺晋美，现任会长：帕巴拉·格列朗杰,——,——,北京市,非营利性社会团体,——,——,——,——,遵守中华人民共和国宪法、法律、法规和国家政策，广泛联系国际国内有关组织和人士，致力于保护和发展西藏文化，维护人权，促进西藏各民族的团结和睦和共同繁荣进步。,——,否,通过文化交流、学术研究和国际合作，促进西藏文化的国际传播和保护,“西藏文化周”活动、国际学术研讨会、参加联合国人权会和联合国经济社会发展领域会议，以及联合国非政府组织会议、亚太区域会议等,美国、欧洲、亚洲等地区,文化展示、学术交流、艺术表演、文化交流活动等,直接和间接服务,是,百度、新闻,是,是,海外交流访问
129,中国科学技术协会 ,1,0,1,1958年,——,主席：万钢，党组书记：贺军科，党组副书记、专职副主席、书记处书记：束为,——,——,北京市,非营利性组织,——,——,——,——,宗旨是团结和动员科学技术工作者以经济建设为中心，坚持科学技术是第一生产力的思想，实施科教兴国战略和可持续发展战略，促进科学技术的繁荣和发展，促进科学技术的普及和推广，促进科学技术人才的成长和提高，反映科学技术工作者的意见，维护科学技术工作者的合法权益，为科学技术工作者服务,由全国学会、协会、研究会，地方科学技术协会及基层组织组成,否,致力于推动国际科技合作与交流，通过与国际科技组织和其他国家的科技团体开展合作，促进全球科技发展,国际科技合作项目、国际科技交流活动、国际科技人才交流等,覆盖全球多国,国际科技合作、学术交流、人才培养等,直接和间接服务,是,官网、百度、中国科学院、中国政府网,是,是,海外交流访问
130,中国女企业家协会,1,0,1,1985年,1995年,副会长：于静、马忠群等,协会成员主要由全国各地的女性企业家、女性高级管理人员以及女性创业者组成,——,北京市,非营利性组织,——,——,——,——,宗旨是坚持中国共产党的领导，坚持走中国特色社会主义道路，坚持改革发展；服务于国家经济社会改革发展大局，服务于女企业家及其企业；维护女企业家的合法权益，促进女企业家守法、自律，发挥女企业家与政府之间的桥梁纽带作用。协会致力于成为沟通政府与女企业家的桥梁，联系女企业家与各界妇女的纽带，培养和提高女企业家素质的平台,下设多个专业委员会，包括大健康专业委员会、时尚创意专业委员会、财税及法律咨询服务委员会等。其领导机构包括会长、副会长及常务理事会等。,否,致力于加强女企业家对外的经济交往和经济合作，通过与国际组织和其他国家的女企业家团体建立联系，推动国际交流与合作,"参与1995年第四次世界妇女大会、2001年亚太经合组织妇女领导人会议、2002年可持续发展世界首脑会议、2003年瑞士达沃斯“世界经济论坛”及亚太经合组织妇女领导人会议、2004年第四届世界社会论坛等

",美国、欧洲、亚太地区,国际会议参与、国际交流活动、经贸合作等,间接服务,是（部分有）,官网、爱企查、百度、新闻,是,是,海外交流访问
131,中国关爱协会,1,0,1,2001年,——,"法人代表
王渝生",——,——,北京市,社会团体,——,——,——,——,——,——,——,——,——,——,——,——,——,百度、顺企查,是,是,海外交流访问
132,中国国际商会,1,0,1,1988年,1988年,会长​：任鸿斌，副会长​：张少刚,秘书长​：孙晓,——,北京市,非营利性社会组织,——,——,——,——,中国国际商会的宗旨是根据中华人民共和国的法律、法规和政策，开展促进中国工商界同世界各国各地区经贸联系和经济技术合作活动，依法维护会员的合法权益,最高权力机构：会员代表大会。常设机构：理事会。办事机构：内设办公室、会员发展部、综合业务部、会展部、双边合作部、多边合作部、贸易促进中心、国际商会中国国家委员会秘书局、党建工作部等, 否,"通过多双边工商合作机制，组织中外企业间互访、研讨、信息交流、项目对接、培训等活动，促进中外经贸合作

",国际商会中国国家委员会（ICC China）​、国际商会世界大会​、国际商事仲裁​、国际经贸规则与惯例研究推广​、国际经贸合作​,美国、加拿大、墨西哥、巴西、澳大利亚、新西兰、日本、韩国、印度、新加坡、马来西亚、泰国、越南、菲律宾、印度尼西亚、柬埔寨、缅甸、老挝、文莱、阿联酋、沙特阿拉伯、以色列、伊朗等,"举办研讨会、论坛、商务对接活动等，组织企业对接、项目洽谈、合作签约等

",间接服务,是,官网、爱企查、新闻、百度,是,是,海外交流访问
133,中华少年儿童慈善救助基金会,1,0,1,2010年,2010年,"理事长：陈埙吹，秘书长：薛秋霁

","理事：李城外、刘伟光、万国威、夏传玲、姚岚、易定宏，监事长：谷新房

",——,北京市,公募基金会,——,——,——,——,募集社会资金，开辟民间救助渠道， 对社会上无人监管、抚养的孤儿、流浪儿童、辍学儿童、问题少年和其他有特殊困难的少年儿童进行救助。 并通过救助活动，传播慈善理念，弘扬慈善文化,最高权利机构：理事会,否,开展海内外少年儿童慈善救助交流活动,"国际儿童慈善交流项目、开展“圆愿”贫困儿童援助计划

","澳大利亚、美国、蒙古国、泰国、尼泊尔、乌克兰

",促进国际儿童慈善事业的交流与合作，分享救助经验和资源,直接和间接服务,是,官网、百度,是,是,海外交流访问
134,中国慈善联合会,1,0,1,2013年,2013年,会长：张春生。副会长：王黎红、孔东梅、丘仲辉、冯亚平、孙少华、李安平、李如成、李海峰、沈小平、张建斌、张晓敏、陈泽行、郑功成、赵国臣、姚瑶、益西达瓦、海霞、黄少媚、黄巍东、戴立忠,秘书长：冯亚平，监事长：雷永胜,——,北京市,非营利性社会团体,——,——,——,——,围绕“联合慈善力量、沟通社会各方、促进行业自律、推动行业发展”的宗旨，近年来下大气力投入脱贫攻坚、抗击新冠疫情、助力乡村振兴、为慈善法（修）订建言献策、加强标准化建设与行业自律、维护行业权益、弘扬慈善文化、推动跨界交流、培养慈善人才，取得丰硕成果。,最高权力机构：会员大会。理事会，下设常务理事会、秘书处、专业委员会,否,通过国际交流与合作，推动中国慈善事业的国际化发展,"海峡两岸暨港澳地区慈善论坛、中意慈善论坛、世界公益慈善论坛、东西方慈善论坛、丝路一家亲行动、中非民间友好伙伴计划（2018-2020）、国际灾害治理参与
，戛纳电影节Horyou村系列公益活动​、湄公河五国光明行​、美驻华使馆慈善法茶话会​、与亚非拉12国官员分享扶贫经验​
",意大利、美国、澳大利亚、巴基斯坦、尼泊尔、埃塞俄比亚、乌干达、苏丹、肯尼亚、坦桑尼亚,推动与多国的交流与合作，推动民间组织建立合作伙伴关系，开展民生项目，公益活动合作、扶贫经验分享、慈善法交流等,直接和间接服务,是,中国一带一路网、百度、官网、新闻,是,是,海外项目
135,中国残疾人联合会,1,0,1,1988年,1988年,名誉主席：杨晓渡，主席：程凯，执行理事会理事长：周长奎,副理事长：李东梅、钟秀明、胡向阳、尤亮，理事：李庆忠、杨洋、吴世彩、李冬生,——,北京市,非营利性社会组织,——,——,——,——,宗旨是“弘扬人道主义思想，发展残疾人事业，促进残疾人平等、充分参与社会生活，共享社会物质文化成果”。其主要职能包括代表残疾人共同利益，维护残疾人合法权益；团结帮助残疾人，为残疾人服务；履行法律赋予的职责，承担政府委托的任务，管理和发展残疾人事业,最高权力机构：全国代表大会,否,"通过国际交流与合作，推动中国残疾人事业的国际化发展，提升中国在国际残疾人事务中的影响力

","国际残疾人体育交流、国际残疾人康复技术交流

",德国、土库曼斯坦、乌兹别克斯坦、丹麦、比利时, 进行技术培训、设备捐赠，同时开展经验分享、政策建议,直接和间接服务,是,知乎、官网、百度、新闻,是,否,海外交流访问
136,中国生态文明研究与促进会,1,0,1,2011年,2011年,法定代表人：刘青松，总顾问：姜春云，会长：张波,祝光耀,——,北京市,非营利性社会组织,——,——,——,——,以邓小平理论和“三个代表”重要思想为指导，贯彻落实科学发展观，遵照党和国家生态文明建设的方针政策和战略部署，聚集全国有志于生态文明建设的力量，深入研究生态文明建设的重大问题，积极推进生态文明建设，坚持为生态文明建设服务。,实行“一会”（理事会）、“三委”（专家咨询、研究指导和创建促进专门委员会）、“总顾问和顾问”的领导体制,否,组织参加国际民间生态文明交流与合作，展示我国生态文明建设成就，借鉴国际研究成果和成功经验，为推动人类生态文明建设事业做出努力,共建绿色“一带一路”国际论坛​、“绿色丝绸之路”项目​、生态文明国际论坛​,参与会议的相关国家,展示我国生态文明建设成就，借鉴国际研究成果和成功经验，推动绿色低碳发展，促进生态环保能力提升,直接和间接服务,是,微信公众号、官网、中华人民共和国生态坏境部、ihr360,是,是,海外交流访问
137,中华环境保护基金会,1,0,1,1993年,1992年,法定代表人：徐光，理事长：徐光,名誉理事长：万里、黄华、成思危、蒋正华。前理事长：曲格平、傅雯娟,—— ,北京市,公募基金会,——,——,——,——,中华环境保护基金会的宗旨是“取之于民、用之于民、保护环境、造福人类”，致力于推动生态文明建设，助力美丽中国建设,最高权力机构：会员代表大会，理事会，办事机构：秘书处,否,"通过国际交流与合作，推广中国环境保护经验，参与全球环境治理

","联合国环境与发展大会相关活动、与联合国环境规划署（UNEP）合作项目、世界自然保护联盟（IUCN）合作项目

",巴西、全球多个地区,参与全球生态保护行动，推动生物多样性保护，支持全球环境保护项目，推动可持续发展目标,间接服务,是,爱企查、百度官网、中国发展简报,是,是,海外交流访问
138,中国教育国际交流协会,1,0,1,1981年,1981年,会长：刘利民，副会长：林建华、袁驷、郭东明等,秘书长：杨军，名誉会长：路甬祥、林文漪等,——,北京市,非营利性社会组织,——,——,——,——,宗旨是积极推动中国教育界同世界各国、各地区的交流与合作，促进教育、科技和文化事业的发展，增进各国和各地区人民之间的了解和友谊,最高权力机构：会员代表大会。下设理事会和分支机构,否,通过国际交流与合作，推动中国教育国际化，提升中国教育在国际上的影响力,"AFS国际文化交流项目、高校艺术学科师生海外学习计划、中美高等教育合作对话会

",美国、意大利、澳大利亚、德国、法国、日本等,举办研讨会、对话会等进行交流沟通,直接服务,是,官网、百度、新闻,是,否,海外交流访问
139,中国少数民族对外交流协会,1,0,1,1992年,——,会长兼法定代表人：丹珠昂奔 ，副会长兼秘书长：王泉利,吴金光、巴莫阿依、李耿年、刘庆余、赵静、兰海滨、陈峣、李焕才、李春光 、邱鹏、金锦子,——,北京市,非营利性社会团体,——,——,——,——,积极贯彻国家外事方针政策，始终把出发点和着力点放在配合国家外交大局上，发挥民间对外交往的作用，为少数民族地区服务，为民族工作服务。,——,——,——,——,——,——,——,——,百度、新闻,是,否（2023）,海外交流访问
140,中国计划生育协会,1,0,1,1980年,1983年,会长：王刚，党组书记、常务副会长：于学军，党组成员、专职副会长：姚瑛,党组成员、秘书长、机关党委书记：范晓敏，党组成员、副秘书长：何翔,——,北京市,非营利性群众团体,——,——,——,——,高举中国特色社会主义伟大旗帜，以马克思列宁主义、毛泽东思想、邓小平理论、“三个代表”重要思想、科学发展观为指导，深入贯彻习近平总书记系列重要讲话精神，坚持创新、协调、绿色、开放、共享的发展理念，按照中央关于加强和改进党的群团工作的战略部署，保持和增强政治性、先进性、群众性，发挥带头、宣传、服务、监督、交流的作用，团结动员广大会员和群众自觉践行社会主义核心价值观，宣传教育引导育龄群众负责任、有计划地生育，关心服务计划生育家庭，增强家庭发展能力和幸福感，促进人口与经济社会和资源环境协调可持续发展，为实现中华民族伟大复兴的中国梦而奋斗,最高权力机构：全国理事会,否,通过国际合作，提升中国在国际人口与发展领域的影响力，分享中国在生殖健康、优生优育、人口发展等方面的经验，同时学习国外先进经验，推动全球人口健康事业的发展,抗疫国际合作项目、青少年性与生殖健康项目、中蒙、中缅、中柬边境地区流动人口性病艾滋病预防项目、举办“一带一路”国家家庭计划组织合作论坛、中欧生殖健康创新服务论坛等,欧洲、一带一路沿线国家、蒙古、缅甸、柬埔寨、日本、泰国、埃及、摩洛哥、伊朗等,促进生殖健康、人口和计划生育方面开展国际交流与合作,直接和间接服务,是,官网、新闻、百度、政府网、一带一路网,是,否,海外项目
141,中国网络社会组织联合会,1,0,1,2018年,2019年,会长​：牛一兵,"副会长​：马化腾、王晓辉、毛伟、叶蓁蓁、过彤、许冉、李彦宏、杨谷、张鲁滨、陈英、邵晓锋、周鸿祎、洪亮、郭全啟、程维、程一笑、储学军，秘书长​：赵晖
",——,北京市,非营利性社会组织,——,——,——,——,宗旨是在党和政府的领导下，积极发挥桥梁纽带作用，统筹协调社会各方资源，促进网络社会组织发展，凝聚网络社会组织力量，强化网络社会组织的作用发挥，引导网络社会组织互相学习、共同提高，增强个体活力和整体工作水平,"最高权力机构：会员代表大会。执行机构：理事会。办事机构：秘书处

",否,"中网联积极参与国际交流与合作，推动网络空间治理的国际合作。

",联合国互联网治理论坛（IGF）、主办中肯数字经济合作发展研讨会、中坦网络文化交流会、中巴互联网治理研讨会，承办中古互联网圆桌论坛、主办联合国人权理事会第49届会议边会、主办联合国妇女地位委员会第六十七届会议“缩小数字时代的性别差距：利用技术和创新推动亚太和非洲地区妇女经济赋权”主题边会等,沙特利雅得、古巴、坦桑尼亚、肯尼亚等,"通过举办研讨会、论坛等形式与国际组织和各国代表交流，通过发布研究报告、政策建议等方式，为国际互联网治理提供参考



",直接和间接服务,是,微信公众号、bilibili、新闻、中国政府网、中国发展简报、官网,是,否,海外交流访问
142,中国人权发展基金会,1,0,1,1994年,2011年,领导人：谢伏瞻，常务副理事长：周树春，副理事长：左锋、黄进、李程·丹增尼玛,秘书长：左锋,——,北京市,公募基金会,——,——,——,——,坚持以习近平新时代中国特色社会主义思想为指导，遵守宪法“国家尊重和保障人权”的原则，促进中国人权事业的发展和进步；加强在国际人权领域的交流与合作，推动世界人权进步事业,下设理事会和秘书处,否,加强在国际人权领域的交流与合作，增进世界对中国发展和进步的了解和支持，推动世界人权进步事业,"北京人权论坛、“关爱她”乡村女教师关爱项目、文化传播公益基金、文明交流互鉴与促进人权保障主题边会、中德人权发展论坛、中美司法与人权研讨会、人权文博国际研讨等

",瑞士日内瓦、哈萨克斯坦、吉尔吉斯斯坦、塔吉克斯坦、土库曼斯坦、乌兹别克斯坦,通过举办国际论坛、研讨会和访问等形式，与各国人权组织、基金会、智库等开展交流合作,直接和间接服务,是,官网、百度、中国政府网、新闻,是,否（2023）,海外交流访问
143,中国和平发展基金会,1,0,1,2005年,2005年,法定代表人​：邢凤亮,理事长​：孙家正。，名誉理事长​：王家瑞，秘书长​：徐建国,——,北京市,非公募基金会,——,——,——,——,传播和平发展理念，开展国际公益项目和人文交流活动，支持中国民间组织开展国际交流，增进中国与世界各国人民之间的相互了解和友好合作，促进世界和平发展与共同繁荣。,下设理事会、监事会、秘书处,否,致力于通过文化交流、公益合作、教育支持、扶贫减贫等项目，促进中国与世界各国之间的相互了解和友好关系，推动全球和平与发展。,“一带一路”文化交流项目、非洲教育支持计划、中非友好合作基金、亚洲青年交流项目、中拉文化交流活动、国际减贫合作项目、全球公共卫生合作项目等,缅甸、坦桑尼亚、老挝、柬埔寨、蒙古、菲律宾、塔吉克斯坦、巴基斯坦、尼泊尔、苏丹、赞比亚等,组织文化交流活动、艺术展览、师资培训，支持经济合作、文化交流、公益项目,直接和间接服务,是,官网、百度,是,是,海外项目
144,中国长城学会,1,0,1,1987年,——,名誉会长：习仲勋，会长：许嘉璐。副会长：王钦敏、柳斌杰、张黎等,副会长兼秘书长：袁安升，董耀会,——,北京市,非营利性社会组织,——,——,——,——,宗旨是努力弘扬民族文化，光大长城精神，大力研究、宣传长城，从而促进长城的保护和利用工作。,下设秘书处、文化旅游管理委员会、保护基金管理委员会、文化交流部、长城书画院、国际交流部，《万里长城》《中国长城博物馆》编辑部等,否,致力于通过国际交流与合作，弘扬长城文化，促进长城的国际影响力提升，推动国际间对长城文化遗产保护的关注与合作。,“20年20国−长城驿站”项目、“让世界为中国骄傲”项目等,亚洲、欧洲多国,传播长城文化，弘扬长城精神，向世界讲好长城故事，构建长城全球华人朋友圈，带动中国品牌出海，提升企业家全球视野和开拓精神，助力国家文化和旅游产业发展等,直接和间接服务,是,官网、百度、微信公众号、新闻,是,是,海外交流访问
145,中国绿化基金会,1,0,1,1985年,2016年,名誉主席：贾庆林、主席：陈述贤、副主席：陈蓬、张涌、彭菲莉、徐济德、叶智,副秘书长：缪光平,——,北京市,公募基金会,——,——,——,——,推进国土绿化，维护生态平衡，建设生态文明，促进人与自然和谐发展。,办公室是国家林业和草原局直属二级预算单位，正司局级事业单位，内设综合处、财务资产处、监督管理处、网络信息处、项目一处、项目二处、项目三处。另设理事会、监事会等决策和监督机构,否,致力于通过国际合作，推动全球生态治理，促进各国在绿化、生态保护等领域的交流与协作。,为生命呐喊——拯救濒危亚洲象行动、参加联合国森林论坛第19届会议、“绿带行动”—大众汽车集团（中国）公益林项目、中日合作宫胁造林项目,缅甸、泰国等,开展亚洲象生境恢复工作，包括生态廊道建设、食源地建设、野外受伤亚洲象救助、建立监测体系等，为其他国家亚洲象及野生动植物保护树立实践样本,直接和间接服务,是,官网、百度,是,是,海外项目
146,中国国际跨国公司促进会,1,0,1,1993年,2003年,名誉会长​：杜青林，特邀会长​：周铁农，会长​：郑万通，常务副会长​：张笑宇，驻会特邀副会长​：王文华，特邀副会长​：尚福林企业副会长​：于勇,执行秘书长​：刘平，轮值秘书长​：王毅涛，副秘书长​：张鹏,——,北京市,非营利性社会组织,——,——,——,——,以“平等、诚信、合作、共赢”为宗旨，秉承推动跨国公司成长和发展的使命，搭建跨国公司交流与合作的国际平台，促进跨国公司投资，倡导企业履行社会责任，积极服务中国经济发展建设，参与联合国可持续发展事业。,最高权力机构是会员代表大会，下设理事会、常务理事会、秘书处,否,推动中国跨国公司海外发展，促进中外跨国公司交流合作，为全球经济发展做贡献。,国际跨国公司领袖圆桌会议、中韩工商领袖合作论坛、中印工商领袖合作论坛、“一带一路”相关合作、中非经济合作相关项目等,韩国、印度、德国、瑞士、法国、荷兰、美国等,组织国际会议，促进中外跨国公司交流合作、推动企业履行社会责任、为跨国公司提供咨询服务、就跨国公司发展问题向政府建言献策等,直接和间接服务,是,官网、百度、新闻,是,否,海外项目
147,中国国际公共关系协会,1,0,1,1991年,1993年,名誉会长：蒋正华、李道豫等，代理会长：赵大力,常务副会长兼秘书长：王大平，副会长：郭惠民等,——,北京市,非营利性社会团体,——,——,——,——,“让世界了解中国，让中国走向世界”，致力于推动公共关系的专业化、规范化和国际化发展，为中国改革开放和经济社会发展服务。,最高权力机构是会员代表大会。协会下设传播战略等多个委员会，秘书处下设会员管理部等多个部门。,否,促进中外公共关系领域交流合作，提升中国国际形象和影响力，推动中国公共关系业国际化。,会长会见他国活动家、共同举办“德国防务政策及中德关系研讨会”、参加“’97澳、新公关国际研讨会”,欧洲、中东、非洲、东南亚、拉美等地区多国,开展国际交流活动、组织学术研讨、为企业海外公关提供咨询和指导、打造国际传播平台等，助力中国企业和组织提升国际影响力,直接和间接服务, 是,官网、百度、中华人民共和国外交部,是,是,海外交流访问
148,中国人权研究会,1,0,1,1993年,——,会长：白玛赤林，常务副会长：蒋建国，副会长：马怀德、付子堂、沈永祥、鲁广锦，,秘书长：唐献文,——,北京市,非营利性社会组织,——,——,——,——,深入研究阐释习近平总书记关于尊重和保障人权的重要论述，弘扬当代中国人权观，创新发展中国人权理论体系和话语体系，普及人权知识，坚定不移走中国人权发展道路，开展人权国际交流与合作，参与全球人权事务，推动全球人权治理向着更加公平公正合理包容的方向发展。,最高权力机构是全国理事会，理事会选举产生常务理事会，下设会长、副会长、秘书长等职务，还有办事机构作为行政和协调机构，由秘书长主持工作,否,通过国际交流与合作，推动全球人权治理，促进世界人权事业健康发展。,北京人权论坛、中欧人权研讨会、反恐、去极端化与人权保障、中国共产党与中国人权事业发展进步、等国际研讨会、中拉人权圆桌会等,美国、英国、法国、德国、埃及、摩洛哥、巴西、智利、秘鲁、塔吉克斯坦、乌兹别克斯坦等,开展人权理论研讨，促进不同国家和地区在人权领域的交流与理解，分享人权发展经验，推动全球人权治理理念和实践的发展等。,直接和间接服务,是,官网、西南政法大学、百度,是,否,海外交流访问
149,中国光彩事业促进会 ,1,0,1,10/1/1995,1998年,会长：沈莹,——,——,北京市,非营利性社会团体,——,——,——,——,践行“义利兼顾、以义为先”核心理念，坚持“产业+公益”双轮驱动，以促进共同富裕为宗旨,最高权力机构是会员代表大会，理事会是会员代表大会的执行机构,否,用世界眼光和全球视野参与国际减贫事业，打破地域限制，搭建国际国内两个平台，促进中国企业与世界各国的合作交流。,1998社会扶贫国际研讨会、光彩事业迈向新世纪国际研讨会、中国光彩事业国际扶贫研讨会、21世纪中国企业社会责任论坛、联合国——气候变化与企业契约圆桌会议、捐助光彩小学等,印度尼西亚、马来西亚、泰国、菲律宾、印度、乌干达、卢旺达、埃塞俄比亚、坦桑尼亚等,开展国际扶贫研讨、推动企业社会责任建设、促进环保与气候变化合作、捐助教育等公益事业等,直接和间接服务,是,官网、BOSS直聘、中国广播网、百度,是,是,海外项目
150,中国宋庆龄基金会,1,0,1,5/1/1982,1988年,主席：李斌，副主席：龙明彪、王宁、李惠东、谢锋、余艳红、沈蓓莉等,副秘书长：吴殿武、李安晋等,——,北京市,公募基金会,——,——,——,——,继承和发扬宋庆龄毕生致力的增进国际友好，维护世界和平；开展两岸交流，促进祖国统一；关注民族未来，发展少儿事业。,组织架构主要包括理事会、秘书处等，理事会是基金会的决策机构，秘书处负责日常工作,否,增进国际友好、维护世界和平，促进中外青少年交流，传播中华优秀文化,1988年签署“宋庆龄基金会与国际儿童义养会合作协议”、文化小大使活动、时代小先生项目、传承孙宋精神，讲述友好故事系列活动等,阿联酋、贝宁、马耳他、马来西亚、新加坡,组织青少年文化交流活动，开展与海外机构的合作，推动孙宋精神传播,直接和间接服务,是,官网、抖音、新闻、故宫博物馆,是,是,海外交流访问
151,中国妇女发展基金会 ,1,0,1,1988年,2010年,理事长：杜芮,李璋,——,北京市,公益基金会（由中国妇联主管）,——,——,——,——,维护妇女权益，提高妇女素质，促进妇女和妇女事业发展。,理事会是最高决策机构，下设办事机构，有办公室、基金部、联络部等,否,促进国际妇女交流合作、提升全球妇女发展水平、维护妇女权益,与国际“红羽毛”联合发起“红羽毛女性健康援助基金”项目、向斯里兰卡等国提供小额物资援助项目等,英国、美国、日本、斯里兰卡、柬埔寨、老挝、越南、俄罗斯、吉尔吉斯斯坦等,提高中国女性健康意识，缓解女性就诊压力，给经济困难女性提供经济援助，开展免费体检等活动。向斯里兰卡等发展中国家妇女儿童提供物资援助，助力当地妇女儿童事业发展,直接和间接服务,是,官网、中国妇女研究网、启信宝,是,否,海外项目
152,中国水利工程协会 ,1,0,1,2005年,——,——,秘书长：王新跃,——,北京市,非营利性社会组织,——,——,——,——,团结广大会员遵守法律法规和社会道德风尚，贯彻国家方针政策，促进社会主义建设，服务政府、社会和会员，维护会员合法权益，发挥桥梁纽带作用，发展繁荣水利事业,最高权力机构是全国会员代表大会。理事会是执行机构,否,进国际水利工程行业交流合作、推广中国水利技术和经验、提升全球水利工程建设管理水平,举办中国（国际）水务高峰论坛等交流活动,全球多国,为国内外水利行业搭建沟通平台,间接服务, 是（水利部主管）,官网、新闻、中国水利企业协会,是,否,海外交流访问
153,中非民间商会,1,0,1,10/1/2006,2005年,现任会长：郑跃文,执行秘书长：王江,——,北京市,非营利性社会团体,——,——,——,——,中非民间商会旨在引导中国民营企业“走出去”，和非洲企业一起，开拓非洲市场，助力非洲发展；通过与国内、国际合作伙伴建立密切的联系网络，创造出有利于中非经济技术合作的良好环境，以务实的方式推动中非合作、南南合作,最高权力机构​：会员大会，执行机构​：理事会，日常工作机构​：秘书处，内设部门​：​综合事务部、会员组织部、国际事务部,是（非洲）,推动民营企业积极参与“一带一路”建设，扎实助推民营企业高质量“走出去”，不断提升商会在民营经济国际合作领域中的影响力、向心力和凝聚力,粤非研讨会​、接待访华团​、组织出访活动,喀麦隆、肯尼亚、坦桑尼亚、刚果（金）、乌干达、安哥拉、马达加斯加、莫桑比克、赞比亚、埃及、加纳、津巴布韦等,推动中非经贸投资合作，促进和推动中非合作、南南合作,直接和间接服务,是,百度、爱企查、官网、新闻,是,是,海外交流访问
154,中国国际交流协会,1,0,1,9/1/1981,——,会长：吉炳轩,副会长：王亚军、刘洪才、艾平、张伯军、高友东、徐里、于丹、吕建中,——,北京市,非营利性社会组织,——,——,——,——,在中国共产党领导下，通过友好交流与对话，增进中国人民同世界各国人民之间的相互了解与合作，推动不同文明交流互鉴，维护世界和平，促进共同发展，推动构建人类命运共同体,最高权力机构是会员大会。下设理事会、各部门,否,以增进中国人民同世界各国人民的相互了解与合作，推动构建人类命运共同体为指引，通过民间交流与对话，促进不同国家和地区在政治、经济、文化等领域的交流与合作。,“丝路心相通”中匈合作驿站项目、未来非洲—中非职业教育合作计划,匈牙利、非洲等国家,提供交流平台，促进政治、经济、文化等领域交流；就共同关心的问题举办研讨会、报告会；协助国外民间机构向中国提供发展援助和扶贫项目等,直接和间接服务,是,官网、百度、BOSS直聘,是,否,海外项目
155,中国人民对外友好协会,1,0,1,1954年中国人民对外文化协会，后1969年更名,——,现任会长：杨万明，副会长：沈昕、姜江、袁敏道等,秘书长：孙学庆,——,北京市,非营利性社会组织,——,——,——,——,以增进人民友谊、推动国际合作、维护世界和平、促进共同发展为工作宗旨，代表中国人民在国际社会和世界各国广交深交朋友，奠定和扩大中国与世界各国友好关系的社会基础，致力于全人类团结进步的事业,最高权力机构是全国理事会。理事会选举产生会长、副会长、秘书长等领导成员,否,通过民间外交，促进中外人民之间的相互了解与友谊，推动不同国家和地区在各个领域的交流与合作，为国家外交大局服务，为构建人类命运共同体贡献力量。,中国丹麦地方合作论坛、孟中印缅地方政府合作论坛、中印地方政府合作论坛、中国智利友好城市论坛、“驻华使馆文化官员及外国专家中国文化行”系列项目、《汉字》国际巡展、彩虹桥工程等。,越南、印度、日本、丹麦、法国、西班牙、马达加斯加、南非、智利、美国、新西兰等,组织代表团互访，举办研讨会、洽谈会、论坛等交流活动，推动友好城市关系建立，开展文化展览、艺术交流等文化活动，促进教育、医疗等领域的合作等,直接和间接服务,是,官网、抖音、新闻,是,否,海外项目
156,中国人民争取和平与裁军协会,1,0,1,6/1/1985,——,会长：马飚，副会长：铁凝、孙尧、于洪君等,——,——,北京市,非营利性社会组织,——,——,——,——,致力于增进中国人民同世界各国人民的相互了解、友谊与合作，反对军备竞赛和战争，争取裁军、全面禁止和彻底销毁核武器及其他大规模杀伤性武器，共同维护世界和平，推动构建人类命运共同体,协会有全国理事会，由来自中国党政界、学术界、经济界等共145名理事组成。协会领导由理事会推选产生，设有会长、副会长等职务,否,通过与世界各国相关组织和团体交流合作，宣传中国和平理念，推动各国共同维护世界和平，促进国际军控与裁军进程，为构建人类命运共同体贡献力量,中美民间和平论坛、参加“禁止原子弹氢弹世界和平大会”、参加蒙塔纳论坛特别活动等,日本、美国、瑞士等,开展国际交流活动，组织双边或多边国际研讨会，就军控裁军、防扩散、和平与安全等问题进行研讨，宣传和平理念等。,直接和间接服务,是,官网、中国社会组织促进会、新闻、抖音,是,是,海外交流访问
157,中国可持续发展研究会,1,0,1,1991年,——,理事长：李萌，秘书长：周海林,朱彤,——,北京,非营利性社会团体,——,——,——,——,以普及和宣传可持续发展理念、促进可持续发展实践为基本出发点，以实现人与自然和谐为最高目标，弘扬“天人合一”文化，探索推广可持续发展模式，贯彻国家战略，为实现“中国梦”和人类可持续发展做贡献,设有会员代表大会作为最高权力机构，理事会是会员代表大会的执行机构,否,开展民间国际交流与合作，发出中国民间声音，为地方、企业引进国外资本、技术和人才等提供服务，推动中国可持续发展模式的国际分享，促进全球可持续发展进程。,举办“迈向碳中和的中国可持续发展新实践”主题边会（COP29）等,美国、欧盟国家、印度、巴西等,组织国际学术交流活动，分享中国可持续发展经验和成果，开展可持续发展领域的政策研究与咨询，推动国际合作等,直接和间接服务,是,官网、新闻、百度,是,否,海外交流访问
158,中国青年志愿者协会 ,1,0,1,1994年,2002年,会长：奇巴图，副会长：白岩松、过勇、刘剑波、杨扬等,秘书长：张朝晖,——,北京市,非营利性社会组织,——,——,——,——,弘扬“奉献、友爱、互助、进步”的志愿精神，通过组织和指导青年志愿服务活动，为社会提供志愿服务，促进社会文明进步，服务青年全面发展，推动志愿者事业发展,最高权力机构是会员代表大会，下设理事会、监事会、秘书处,否,配合国家外交战略，扩大和深化与世界各国志愿服务组织的交流与合作，传播中华文化、讲好中国故事，促进民心相通和文化交流互鉴，服务于“人类命运共同体”理念,中国青年志愿者海外服务计划援老挝项目、中国青年志愿者海外服务计划——服务联合国机构等,老挝、美国、缅甸、泰国、土耳其等“一带一路”沿线国家,开展中英文教学、体育训练、计算机培训、医疗卫生、农业科技、新闻广播，以及所在国志愿服务能力建设、青年参与可持续发展等,直接和间接服务,是,官网、百度、新闻,是,是,海外项目
159,重庆市亦格社会发展促进中心,1,0,1,2014年,2018年,理事长：张永和,副理事长兼秘书长：张祺乐，副理事长：郑若瀚,——,重庆市,民办非企业单位,——,——,——,——,致力于促进社会发展、人权保障、国际交流等相关工作,——,否,通过国际交流合作，促进人权保障、文明交流互鉴等。,2018年参加第36届人权理事会、参加第36届人权理事会、参与联合国人权理事会“发展对享有所有人权的贡献”研讨会、协办“2021·中欧人权研讨会”、2021年受邀参与联合国人权理事会第46次会议“文明交流互鉴与促进人权保障”主题边会等,瑞士、意大利、德国、荷兰、印度、日本、尼泊尔、南非、斯里兰卡等。,围绕人权保障、文明交流互鉴等，提供会议承办、课题研究、专家交流等服务，促进不同国家和地区在人权等领域的交流与理解,间接服务,否,官网、重庆市南岸区人民政府网、新闻,是,否,海外交流访问
160,北京春晖博爱公益基金会 ,1,0,1,2012年,2022年,理事长：王振耀，执行总裁：薛一心，秘书长：刘珊,联合创始人兼CEO邢戎,——,北京市,公募基金会,——,——,——,——,以“保护儿童，赋能青少年，扶助弱势群体，以人文同理之心，成就平等社会”为愿景，秉持“服务、关怀、合规、透明、创新”的核心价值观，为孤残儿童提供全人、全程、全纳的回应式教育抚育,——,否,——,参与联合国人权理事会第42届至51届会议,瑞士,在会议上介绍中国在保障困境儿童权益等方面的工作，包括响应国家乡村振兴战略、对儿童权益保障的理念与实践等，呼吁加强国际合作，共同推动儿童保护事业健康发展,间接服务,是,官网、中华儿慈会、抖音、民政部,是,否,海外交流访问
161,亚太工商联合会,1,0,1,11/1/2024,2024年,会长：麦克马林先生,——,——,亚太地区,非营利性社会组织,——,——,——,——,致力于促进跨境贸易、投资和技术交流，推动区域经济一体化、创新和可持续发展，塑造亚太地区在全球经济格局中的角色，帮助企业在全球市场中找到更多商业机会。,下设大会、执行委员会和专门工作组等,否,通过国际合作，推动亚太地区企业在全球的发展，促进区域经济与全球经济的融合,“亚太公司500强榜单”发布项目。,亚太地区的中国、日本、韩国、印度、新加坡和澳大利亚等国,展示亚太地区企业在创新、可持续发展和市场拓展方面的出色表现，为全球企业提供参考平台，推动亚太地区企业在全球舞台上的竞争力,间接服务,是（由来自各国政府部门的官员构成）,官网、新闻、APEC项目,是,否,海外交流访问
162,亚洲家庭研究所联合会有限公司（亚洲区家庭研究联盟）,1,0,1,成立时间未知，2014年活跃,——,主席：朱杨珀瑜,——,有限公司,香港,非营利性社会组织,——,——,——,——,提供跨专业协作平台，强化亚洲区内家庭功能，促进家庭健康，最终目标是为国际的人际科学领域出一分力,——,否,促进不同国家和地区家庭健康、强化家庭功能、推动家庭相关政策交流,亚洲家庭高峰会、和富3A计划等,——,——,直接和间接服务,否,新华网、世界家庭组织、新闻,是,否,海外交流访问
163,瑞丰个人发展有限公司（广州市瑞丰实业发展有限公司）,1,0,1,4/1/1993,——,法定代表人：连俊江,——,有限公司,广州市,有限责任公司,——,——,——,——,以甄选中国四大茶区、六大茶类经典名优茶种植、生产、贸易、文化为一体，致力于打造茶产业供应链综合性服务企业,——,否,——,——,——,——,——,否, 瑞丰集团、启信宝、百科、企查查,是,否,海外交流访问
164,爱眼公益基金会 ,1,0,1,2/1/2015,2016年,理事长：彭志坤，副理事长兼秘书长：傅阳，代表法人（监事长）：李力,理事：娄小波、彭建梅、赵冠军、葛鹏、刘佑平,——,湖南省长沙市,公募基金会,——,——,——,——,传播眼健康知识，参加防盲治盲行动，开展眼科医务人员培训工作，促进眼科诊疗技术的普及和发展，推动人类眼健康水平的提升,下设监事会、理事会、秘书处,否,聚焦眼健康领域，将国际化作为重要发展战略，致力于推动人类眼健康水平提升，让世界更多民众享有公平、可及的眼健康服务。,湄公河光明行、一带一路光明行、澜湄光明行等,老挝、缅甸、柬埔寨、越南、尼泊尔、埃塞俄比亚、塞拉利昂、乍得、肯尼亚等,实施眼疾复明手术、视力筛查及健康科普、验光配镜、眼科技能培训等,直接服务,否,启信宝、百科、中国红十字基金会、爱尔眼科医院,是,否,海外项目
165,南南合作金融中心,1,0,1,4/1/2014,2024年,副主席兼总干事：吴忠,张高波,——,香港,非营利性国际组织,——,——,——,——,在联合国可持续发展议程框架下，为南南合作提供经验、知识、技术、产能和资金支援，促进发展中国家政府、企业等开展务实合作，推动南南合作项目落地，助力南南国家工业化和可持续发展,——,否,推动南南合作，促进发展中国家间的项目合作与可持续发展,与光大证券国际和东英金融集团共同设立的“一带一路”基金、举办“2024中非数字金融普惠峰会”,肯尼亚、埃塞俄比亚等,提供金融服务和支持，帮助项目申请国际组织和相关政府的资金，开展智库研究、举办国际会议、推动数字金融普惠等,直接服务,是,百科、国际金融组织合作、启信宝、新华网,是,否,海外交流访问
166,黄金时代基金会有限公司 ,1,0,1, 成立时间未知，2023年活跃,—— ,——,——,有限公司,深圳市,基金会（公益）,——,——,——,——,致力于应对人口老龄化挑战、关注长者及照顾者需求的社会服务组织,——,否,——,与中银集团人寿保险有限公司联合发表了《携手共建第二人生》白皮书,——,——,——,否,百度、新闻,是,否,海外交流访问
167,内蒙古草原文化保护发展基金会,1,0,1,2006年,,理事长：葛健，秘书长：蒿慧敏,理事：李秋娟、杜杰、赛娜等，监事：云珍,——,内蒙古,公募基金会,——,——,——,——,梳理、保护、传承、发展草原文化，秉承继承发扬草原文化美好愿望，广泛联系各界人士，共同筹集专项基金，资助草原文化公益事业，推动创新，扶持新人，促进文化建设和交流，致力于草原文化事业的繁荣和发展。,最高权力机构为理事会，下设常务理事会，由理事长、副理事长、秘书长及其他常务理事组成,否,——,——,——,——,——,否,百科、启信宝、通辽市政府网官网,是,否,海外交流访问
168,医护行者,1,0,1,2011年,——,创办人：范宁,——,——,香港,非营利组织,——,——,——,——,“医护行者”的愿景是“人人健康的社会”，深信无论职业、贫富、男女、种族、居住环境、教育，每个人都有获得健康的权利。该组织致力于通过“服务、研究、提倡、培育”的循环模式推动健康公平，主要服务群体包括葵青区的低收入家庭、少数族裔和难民,下设理事会、会员、合作机构,否,“医护行者”的愿景是“人人健康的社会”，深信无论职业、贫富、男女、种族、居住环境、教育，每个人都有获得健康的权利。该组织致力于通过“服务、研究、提倡、培育”的循环模式推动健康公平，主要服务群体包括葵青区的低收入家庭、少数族裔和难民,——,——,——,直接和间接服务,否,官网、中国日报网、财新网,是,否,海外交流访问
169,香港各界妇女联合协进会,1,0,1,1993年,2019年,"主席：何超琼，创会主席：林贝聿嘉，首席名誉会长：霍冯坚妮、曾黄丽群、刘孔爱菊等

","名誉会长：丁毓珠、王杨志红、朱何妙馨等，名誉副会长：孔吴妙芝、朱陈美康、江胡葆琳等

",——,香港,非盈利社会团体,——,——,——,——,宗旨是团结各界妇女，关注香港事务，争取和维护妇女合法权益，以及与全球妇女组织保持交流和联系。此外，该组织还致力于推动香港妇女在社会、经济和家庭中的地位提升，促进社会和谐,下设理事会、会员、再培训中心,否,香港妇协致力于通过国际交流与合作，提升香港妇女的国际视野，推动全球妇女权益的发展,举办国际妇女论坛、联合国人权理事会发言、“一带一路”女性论坛等,——,分享香港妇女在国际交流中的经验和贡献，促进香港与内地及世界各地的女性交流,间接服务,否,官网、大公网、中国妇女发展基金会,是,否,海外交流访问
170,香港社会服务联会（社联）,1,0,1,1947年,——,主席：管浩鸣议员，行政总裁：蔡海伟,"副主席：陈智思、廖达贤、翟冬青，义务司库：罗君美，义务法律顾问：郭琳广

",——,香港,社会福利服务机构,——,——,——,——,社联与机构会员共同信守社会的公义、公平，肯定人拥有天赋的权利，社会有责任为每个公民提供基本的社会和经济资源，个人亦有义务履行对家庭和社会的责任、自力更生、实现自我。此外，社联致力于推动社会福利政策和服务发展，通过跨界别协作，与各持份者共同创造更具影响力、合作性、灵活创新的社会服务界,下设治理委员会和职员团队,否,社联致力于推动国际及地区合作，鼓吹关爱社会，企业社会责任及慈善文化,——,——,——,——,否,官网、新闻、百度、社会福利网,是,否,海外交流访问
171,香港妇女中心协会,1,0,1,1981年,——,"主席：陈翠琼

",总干事：廖珮珊,——,香港,非营利性组织,——,——,——,——,香港妇女中心协会致力于关注基层妇女的生活处境，推动性别平等，为妇女争取权益，结合服务、教育及倡议三方面的工作。其宗旨包括提高妇女的权益和地位，协助妇女发展个人潜能，与其他关注妇女问题的组织及团体互相配合，就妇女的需要及所需要的资源分配向决策机构提出建议，发展有利妇女之资源及服务,——,否,——,——,——,——,——,否,官网、新闻,是,否,海外交流访问
172,香港女工商及专业人员联会,1,0,1,1996年,,会长：杜珠联，创会会长：黄汝璞,名誉顾问：梁爱诗，名誉会长：吴绮莉，永久荣誉会长：黄汝璞,——,香港,非营利性组织,——,——,——,——,建立稳固的支援网络，为会员提供交流和学习的平台，提升妇女专业水平及素质，推动香港与内地及海外工商专业妇女界的交流,最高权力机构：会员大会。执行机构：理事会。其他部门：秘书处、活动策划部、宣传部,否,通过建立国际联系，促进香港与内地及海外工商专业妇女界的交流与合作，提升女性在商业和专业领域的影响力,"杰出专业女性及女企业家选举、妇女创业支援计划、妇女合作创业计划等

",——,定期举办评选活动，表彰杰出女性,直接服务,否,官网、新闻、财新网,是,是,海外交流访问
173,国际儒学联合会（ICA）,1,0,1,10/1/1994,1994年,会长：孙春兰，理事长：福田康夫,常务副会长：郝平，副会长：包括于建福、王学典、贝淡宁、牛喜平、刘刚、李文亮等,——,北京市,非营利性国际学术文化联合组织,——,——,——,——,弘扬儒学文化和其他传统文化的思想精华，推动儒学文化、亚洲文明与世界其他不同文化文明的互学互鉴，为促进世界和平和世界各国共同发展服务，为促进人类文明进步服务,最高权力机构：会员大会。执行机构：理事会。其他部门：学术研究部、国际合作部、宣传部,否,国际儒学联合会致力于通过国际合作，推动儒学文化在世界的传播和实践，促进中华文明与其他文明的交流互鉴,"世界儒学大会、尼山世界文明论坛、汉学青年学者研习营等

",埃及、苏丹、尼日利亚、法国、意大利、美国、加拿大、澳大利亚、泰国、尼泊尔、越南、巴基斯坦、新加坡、韩国、蒙古国等,"通过汉学青年学者研习营等活动，推广儒学文化，定期举办国际会议，促进学术交流

",直接和间接服务,是,官网、国学百科、新闻,是,是,海外交流访问
174,国际生态安全合作组织（IESCO）,1,0,1,2006年,2006年,创始主席兼总干事：蒋明君，联合主席：穆萨希德·侯赛因·赛义德,专职顾问：郭崇立,——,香港,非营利性国际组织,——,——,——,——,通过合作，维护生态安全，保护生态环境，实现经济、社会、生态的协调发展,最高权力机构：世界生态安全大会，执行机构：执行委员会，其他部门：生态农业委员会、媒体宣传部门,否,国际生态安全合作组织致力于通过国际合作，应对气候变化，保护自然环境，维护生态安全，促进可持续发展,"世界生态安全大会、欧亚生态安全会议、柏威夏国际生态安全示范区

",泰国、柬埔寨、欧亚地区,"通过生态旅游和生态农业，推动地区发展，定期举办国际会议，促进国际合作

",直接和间接服务,否,新华网、百度、新闻、国际网,是,是,海外交流访问
175,国际信息发展组织（DEVNET）,1,0,1,1985年,1985年,主席：李世恩,副主席：程天锡，法务部部长：钱建荣，学术委员会联合主席：Michael Saunders,——,香港（总部在意大利）,非营利性国际组织,——,——,——,——,促进发展中国家和发达国家间的国际文化交流、贸易往来、技术转让、经济合作等,——,是（总部在意大利罗马）（美国等五十个国家）,国际信息发展组织致力于通过国际交流与合作，推动全球可持续发展，促进各国之间的贸易往来、技术转让、现代农业、经济合作和国际文化交流,"参与联合国海洋大会、参与联合国第68届非政府组织大会、青少年模联大会、参与联合国第64届妇女大会、国际紧急救援中心（IERC）



",美国、瑞士等,参与联合国相关会议，举办展览和研讨会、推动应急产业和联合国采购,直接和间接服务,否,官网、知乎、中华人民共和国外交部、中国政府网,是,是,海外交流访问
176,国际市长交流中心,1,0,1,2017年,2017年,董事会执行董事：金兰,——,——,香港,非营利性国际咨询机构,——,——,——,——,融通文化，共谋发展；做世界城市文化的传播者,——,否,致力于推广联合国可持续发展理念，通过国际交流与合作，推动全球城市和地方政府、国际组织、商界、社区的交流合作，促进和加强国际社会间的友好关系，实现文化、资本的全面对接与国际资源的高效配置和充分利用,"全球市长论坛、开放式绿色城市实验室（OGCLab）

",全球范围,"与联合国、各国政府、国际组织合作开展项目。

",间接服务,否,官网、财新网、百度、新闻,是,是,海外交流访问
177,中国司法行政戒毒工作协会,1,0,1,2001年,2001年,会长：肖义舜，副会长：徐辉、高贞、李一黎、蔡呈伟、禹冰、刘一兵，秘书长：王书言,常务副会长：刘卫民,——,北京市,非营利性社会团体,——,——,——,——,宣传贯彻党的戒毒工作方针、政策和相关法律法规，推动司法行政系统戒毒科学研究，为戒毒工作实践服务,最高权力机构：会员代表大会。执行机构：理事会。监察机构：监事会。其他部门：综合部、宣传部、项目部、研究部,否,协会致力于推动戒毒工作的国际合作与交流,——,——,——,通过国际会议、合作项目等形式开展,否,中华人民共和国司法部官网、百度、中国日报网、法治网、新闻,是,是,海外交流访问
178,澳门青年联合会 ,1,0,1,2006年,2006年,会长：罗奕龙，理事长：蔡文政，监事长：何嘉伦，秘书长：戴嘉萍,副会长：颜奕萍、廖启承、宋碧琪、周永豪、黄洁贞、梁诗蓓、叶家祺、陈敬濂、李兆祖、贺凯琪、刘家裕、高岸声、吴子宁、冯家健、苏昆、刘智龙、孙耀宗、陈秀钗、欧华德、周宏学、罗颂辉、崔天立,——,澳门,非营利性社会团体,——,——,——,——,广泛团结各界青年、积极开展对外交流、引导青年健康成长、维护青年合法权益、支持政府依法施政,最高权力机构：会员大会。执行机构：理事会。监察机构：监事会。其他部门：综合部、宣传部、项目部、国际交流部,否,通过国际交流与合作，促进澳门青年与世界各地青年的沟通交流，培养青少年健康成长，推进澳门社会发展，为“一国两制”成功实践贡献力量,"“中国心·粤澳情”系列活动、澳门青年中华文化大使培训计划、澳门青年两会开讲



",参与开展国际交流项目相关国家,"开展中华文化大使培训计划，提升澳门青年的文化素养，组织澳门青年到内地实地考察和交流

",间接服务,是,中国青年网、澳门中联办、新闻、中国新闻网、中国共产党新闻网、环球网,是,是,海外交流访问
179,Nanjing World Youth Development Service Center,1,0,1,2013年,2013年,——,——,——,南京,非营利性组织,——,——,——,——,通过一系列项目帮助年轻人成长，为年轻人搭建国际舞台，拓展视野，发挥年轻人的力量，促进国际民间交流，最终推动社会发展,最高权力机构：理事会。执行机构：秘书长办公会。其他部门：综合部、宣传部、市场部、IT部、翻译部,否,通过国际项目，鼓励年轻人探索全球问题的根源，提出创新解决方案，并增强他们的社会责任感,President X 实践项目,乌兹别克斯坦,"通过调查研究，提出创新解决方案，促进国际青年之间的交流与合作

",间接服务,否,谷德、百度、中国日报网、ArchDaily,是,否,海外项目
180,北京新阳光慈善基金会 ,1,0,1,2009年,2018年,理事长：刘正琛,——,——,北京市,公募基金会,——,——,——,——,用爱自己的心去爱别人,最高权力机构：理事会。执行机构：秘书长办公会。其他部门：项目部、宣传部、研究部,否,通过国际交流与合作，推动公益慈善事业的发展，提升公益项目的国际影响力,全球癌症综合控制倡议,全球范围,通过与世界卫生组织合作，推动全球癌症综合控制倡议,间接服务,否,官网、爱企查、百科、中国发展简报、新闻,是,是,海外交流访问
181,中华职业教育社,1,0,1,1917年,2004年,现任名誉理事长：王光英，现任理事长：陈昌智,——,——,北京市,非营利性群众团体,——,——,——,——,倡导、研究和推行职业教育，改革脱离生产劳动和社会生活的传统教育，以“谋个性之发展，为个人谋生之准备，为个人服务社会之准备，为国家及世界增进生产力之准备”为目标,最高权力机构：理事会。执行机构：秘书长办公会。其他部门：研究部、宣传部、项目部,否,通过国际交流与合作，推动职业教育的发展，提升职业教育的国际影响力,2004年成为联合国公共信息部联系的非政府组织成员、职业教育推广,美国,与联合国公共信息部和经社理事会合作，参与国际会议和活动、在国际平台上推广中国职业教育理念和实践,间接服务,是,百科、百度、新闻、光明网、央广网、中国政府网、环球网,是,是,海外交流访问
182,深圳市全景公益基金会,1,0,1,2016年,2019年,法定代表人：程望远，秘书长：Nathan Chen,董事：Jade Kim，首席代表（韩国）：Paul H.K. Han,——,深圳市,基金会（非公募）,——,——,——,——,弘扬社会公益，推动公益事业发展，资助普及公益慈善理念，弘扬公益慈善文化,最高权力机构：理事会。执行机构：秘书长办公会。其他部门：项目部、宣传部、研究部,否,通过国际交流与合作，推动公益慈善事业的发展，提升公益项目的国际影响力,青少年联合国体验式教育专业委员会设立、中韩友好教育文化发展专项基金,韩国,参与联合国经社理事会相关活动、通过专项基金支持教育文化交流项目,间接服务,否,官网、微博、爱企查、BOSS直聘,是,否,海外交流访问
183,Policy & Economic Alliance Caring of Earth（PEACE）,1,0,1,2022年,2022年,"主席：H.E. GENERAL CHAVALIT YONGCHAIYUDH，总裁：CHANASNUN KAJORNPHUWAPONG，副总裁：DR. CHING SENG TEE

","董事：DR. ARMEN ARZUMANYAN，DR. MICHEAL HENG，DR. GANESH M. AMBIKE

",担保有限公司,香港,有限公司,——,——,——,——,通过政策与经济联盟，关注地球生态，推动可持续发展，应对气候变化，促进全球生态系统恢复,最高权力机构：会员代表大会。执行机构：理事会，下设多个部门：项目部、研究部、宣传部。监察机构：监事会,否,"通过国际交流与合作，推动全球生态系统恢复，应对气候变化，促进可持续发展

","Walking For Rice、非洲经济与生态现代化领域（African EEMS）项目

",非洲多国,通过“Walking For Rice”应用，鼓励全球用户通过步行积累步数，换取大米捐赠、与非洲国家政府合作，推动经济与生态现代化项目,直接和间接服务,否,官网、香港公司目录、Webb、中国日报网、知乎、中国政府网、财新网,是,否,海外项目
184,陕西省爱国主义志愿者协会,1,0,1,2015年,2015年,会长：崔国卫，副会长：刘宁亚、马升云,秘书长：李兴艳,——,陕西省西安市,非营利性社会组织,——,——,——,——,传播爱国主义思想，帮助青少年建立正确的人生观、社会观和价值取向，维护社会稳定，促进民族团结，实现国家统一,最高权力机构：会员代表大会。执行机构：理事会，下设多个部门：项目部、宣传部、秘书处。监察机构：监事会,否,通过参与国际活动，传播中国爱国主义思想，促进国际交流与合作，提升中国在国际舞台上的影响力,参与联合国人权理事会第54届会议,瑞士,参与联合国人权理事会相关会议，递交人权问题调研报告,间接服务,是,官网、爱企查、新闻、百度,是,是,海外交流访问
185,三亚公共外交研究院,1,0,1,2015年,2016年,院长：沈国放，副院长兼秘书长：孙治国,——,——,海南省,非营利性社会组织,——,——,——,——,立足海南自由贸易港建设，服务国家“一带一路”倡议，增进中国与东南亚及世界各国的友好交往，促进不同文化之间的交流互鉴,最高权力机构：会员代表大会。执行机构：理事会，下设多个部门：项目部、研究部、宣传部。监察机构：监事会,否,通过国际交流与合作，提升中国公共外交的国际影响力，深度参与全球治理，促进不同文化之间的交流互鉴,"2016年发布中英文版《“一带一路”公共外交报告》、三亚公共外交论坛、2022年6月获得联合国经社理事会特别咨商地位

",美国、东盟国家等,"通过举办论坛和发布报告，促进国际交流、发布中英文版《“一带一路”公共外交报告》

",直接和间接服务,是,官网、百度、新闻、爱企查、知乎,是,否,海外交流访问
186,天津生态城绿色之友生态文化促进会,1,0,1,2013年,2013年,理事长：朱坦，秘书长：张涛,副会长兼项目总监：安旭，副理事长：余晓勇,——,天津市,非营利性社会组织,——,——,——,——,倡导绿色文明、实践绿色行动、追求可持续发展、共建和谐的绿色家园,最高权力机构：会员代表大会，执行机构：理事会，下设多个部门：项目部、宣传部、教育与培训部，监察机构：监事会。,否,通过国际交流与合作，提升环保项目的国际影响力，推动可持续发展理念的传播,"参与联合国经社理事会第68届妇女地位大会、联合国可持续发展高级别政治论坛（HLPF）

",涉及联合国相关活动的国家,参与联合国经社理事会相关活动，传播中国基层环保组织的声音，与其他国际组织合作开展环保项目,间接服务,否,官网、新闻、政和通、爱企查、天津政务网,是,否,海外项目
187,中国联合国协会,1,0,1,"1946年成立,1985年（重新组建）",1985年,会长：王超，副会长兼总干事：胡文丽,常务理事：庞森、谢波华、钱波、任义生、张越、刘志贤、陈东晓、高祖贵、刘超、周波、张海滨、张贵洪、陈迎,——,北京市,非营利性社会组织,——,——,——,——,中国联合国协会致力于弘扬《联合国宪章》的宗旨和原则，推动公众对联合国事务的了解和参与，促进国际和平与发展,最高权力机构：会员代表大会。执行机构：理事会，下设多个部门：国际交流部、项目部、研究部,否,通过国际交流与合作，推动联合国问题研究，促进公众对联合国事务的了解和参与，加强与其他国家友好关系,"中日韩联协会长三边会议及青年论坛、东亚联合国系统研讨会、联合国协会世界联合会（WFUNA）活动

",美国、俄罗斯、英国、芬兰、挪威、日本、韩国、印度、埃塞俄比亚,"与各国联合国协会及智库开展交流互访，通过举办联合国问题研讨会进行交流互访，举办模拟联合国大会、联合国知识竞赛等



",直接和间接服务,是,官网、百度、新闻、爱企查、环球网、知乎,是,否,海外项目
188,澳门妇女联合总会,1,0,1,1950年,1950年,会长：刘金玲，理事长：袁小菱，监事长：容永恩,"副会长：林婉妹、林笑云、黄丽真、卢德华、周霓、陈虹、李睿恒、陈爱珠、吕育敏、陈美仪、卢洁儿、王淑欣、张佩萍、何凯玲。副会长：林婉妹、林笑云、黄丽真、卢德华、周霓、陈虹、李睿恒、陈爱珠、吕育敏、陈美仪、卢洁儿、王淑欣、张佩萍、何凯玲。副监事长：黄竹君、蔡彩莲、莫怀颖、吴紫薇、郑少兰、欧阳月胜、邓惠莲

",——,澳门 ,社会服务团体,——,——,——,——,增进澳门妇女的爱国爱澳团结，密切联系各阶层妇女，关心社会、服务社群，办好妇女儿童福利事业及维护妇女合法权益,最高权力机构：会员代表大会，执行机构：理事会，下设多个部门：社会事务部、妇女权益部、联络部、文教康体部、基层工作部、青年工作部、湾区拓展部,否,澳门妇女联合总会致力于通过国际交流与合作，提升澳门妇女的国际视野，促进妇女儿童福利事业的发展，推动澳门与国际社会的交流与合作,"国际妇女节庆祝活动、妇女儿童权益保护国际合作项目、文化交流与合作项目等

",亚洲地区,推动妇女儿童权益保护的国际合作，通过文化交流活动促进国际理解与合作，与国际组织合作开展社会服务项目,直接和间接服务,否,官网、百度、中国妇女网、新闻、澳门中联办、澳门特别行政区政府网,是,是,海外交流访问
189,世界工业和技术研究组织协会 （WAITRO）,1,0,1,1970年,1970年,现任主席：Hasan Mandal，前主席：HRH Princess Sumaya bint El Hassan，秘书长：Paul E. Burrows,"市场与沟通部主管：Andrea Santos

",——,联合国,非营利性专业协会,——,——,——,——,通过促进全球工业技术研发组织之间的合作，提升发展中国家的工业技术研究水平，推动联合国可持续发展目标的实现,最高权力机构：会员大会，常设权力机构：常务理事会，常设办事机构：秘书处,设有会员单位（美国、德国、丹麦、澳大利亚、土耳其、南非、比利时、马来西亚、约旦）,WAITRO致力于通过国际交流与合作，促进全球工业技术研发组织之间的合作，提升发展中国家的工业技术研究水平，并为联合国可持续发展目标做出贡献,WAITRO创新大会、亚太、中东地区会员发展及维护、WAITRO研究员计划、国际实习生项目等,美国、德国、丹麦、澳大利亚、土耳其、南非、比利时、马来西亚、约旦等,举办国际会议，促进全球工业技术研发组织之间的合作，推动全球研究成果与技术的转让，通过研究员计划和实习生项目培养全球创新人才，推动亚太、中东等地区的会员发展及维护,直接和间接服务,否,官网、百度、新闻,是,是,海外交流访问
190,世界生态设计大会,1,0,1,2018年,2018年,主席：应放天,——,——,广东省广州市,非营利组织,——,——,——,——,推动全球生态设计产业发展，促进设计与生态、社会的融合可持续发展，助力全球可持续发展目标,最高权力机构：大会，内设机构：秘书处,否,通过国际交流与合作，推动生态设计理念的全球传播，促进可持续发展,"世界生态设计大会、国际礼品创新设计奖、全球青年领袖奖

",维也纳、泰国,举办国际会议、进行国际礼品创新设计奖和全球青年领袖奖、与联合国工业发展组织等机构合作,直接和间接服务,是,官网、新闻、百度、中国政府网,是,否,海外交流访问
191,世界针灸学会联合会（WFAS）,1,0,1,1987年,1988年,现任主席：刘保延，秘书长：麻颖,司库：杨金生，执行主席：林丹乾,——,北京市,非营利性国际性学术组织,——,——,——,——,世界针灸学会联合会的宗旨是促进世界针灸界的了解和合作，加强国际学术交流，进一步发展针灸医学，不断提高针灸医学在世界卫生保健工作中的地位和作用，为人类的健康做出贡献,最高权力机构：会员大会，常设权力机构：执行委员会，常设办事机构：秘书处,是（俄罗斯、墨西哥、澳大利亚、德国、波兰）,世界针灸学会联合会致力于通过国际交流与合作，推动针灸在全球的传播与发展，确立针灸医学在世界卫生工作中的重要地位,"世界针灸学术大会、世界针灸学术大会、“一带一路”中医药针灸风采行活动、国际针灸资格（水平）考试

",法国、加拿大、新加坡、澳大利亚、荷兰、英国、美国、俄罗斯、巴西、新西兰,定期举办世界针灸学术大会和专题研讨会，与世界卫生组织等国际机构合作开展认证项目，开展国际针灸资格考试和培训项目,直接和间接服务,是,官网、百度、新闻、中医教育网、中国政府网,是,是,海外交流访问
192,世界中医药学会联合会 ,1,0,1,2003年,2004年,主席：马建中，副主席兼秘书长：李昱,副秘书长：徐春波，副秘书长：潘平，秘书长助理：焦云洞,——,北京市,非营利性国际性学术组织,——,——,——,——,世界中医药学会联合会的宗旨是增进世界各国（地区）中医药团体、机构之间，中医药学与世界各种医药学间的交流与合作，加强学术交流、信息交流、成果交流，提高中医药业务水平，继承和发展中医药学，促进中医药国际传播与发展，促进中医药进入各国医疗卫生保健体系，为人类的健康作出更大贡献,最高权力机构：理事会，由主席、副主席、秘书长等组成，内设机构：秘书处,否,世界中医药学会联合会致力于推动中医药的国际化发展，通过国际交流与合作，促进中医药在全球的传播与应用,世界中医药大会、国际针灸医师水平测试和意大利相关机构联合认证合作协议（试点）、亚太地区中医药学术交流大会、中国-法国中医药中心（塞纳）项目、“一带一路”标准与健康产业工作委员会项目、《世界中医药》杂志多语种发行,法国、加拿大、新加坡、澳大利亚、荷兰、英国、马来西亚、美国、俄罗斯、西班牙、新西兰、巴西、菲律宾,定期举办世界中医药大会、与国际机构合作开展认证项目、开展各类培训项目、通过杂志发行、文化活动等方式进行文化传播,直接和间接服务,是,知乎、百度、官网、政府网、新闻,是,是,海外交流访问
193,世界联合基金总会（世贸联合基金总会）,1,0,1,10/1/2001,2001年,创办人：拿督斯里吴罡豪教授，现任主席：陈晴,"全球事务秘书长：张鑫麒，北京办事处主任：张学民

",——,香港,担保公司,——,——,——,——,世贸联合基金总会秉持“自由平等、灵活创新、发展共赢”的宗旨，致力于优化现有国际贸易环境，搭建世界企商桥梁，增进全球企商的经贸合作，促进社会的繁荣稳定发展。同时，该组织以“恒常发扬社会责任，追求慈善服务”为目标，推动物质文明与精神文明的共同发展,最高权力机构：理事会，其他部门：包括秘书处、财务部、项目部等,是（美国、法国、日本、阿联酋、比利时、澳大利亚、韩国、斯里兰卡、塔吉克斯坦）,通过国际交流与合作，推动全球企商的经贸合作，促进社会的繁荣稳定发展,"全球并购基金项目、国际环境科学政策及商业指导委员会项目、世界电影协会合作项目、世界和平祈祷大会、两岸四地青年创业者跨境电商培训班、国际创客空间、“一带一路”创新环保科技联盟项目

",美国、澳大利亚、韩国、日本、马来西亚、斯里兰卡、塔吉克斯坦,举办国际论坛和活动，推动全球经贸合作、进行教育与培训为青年创业者提供电商培训，助力创业、设立保护动物基金，救助流浪动物、推动水资源可持续发展项目，促进环保科技合作,直接和间接服务,是,官网、搜狗、百度、新闻,是,否,海外交流访问
194,友成企业家乡村发展基金会,1,0,1,2007年,2007年,理事长：王平，副理事长兼秘书长：零慧,副理事长兼副秘书长：冯宇坤，副秘书长：李佳琛、苗青、张静、田晓婷,——,北京市,非公募基金会,——,——,——,——,友成企业家乡村发展基金会以推动人类更公平、更有效率、更可持续发展为目标，致力于研发和推广社会价值标准、发现和支持新公益领袖人才、建立跨界合作的社会创新网络支持平台,最高权力机构：理事会，由理事长、副理事长、理事等组成。秘书处：负责基金会的日常运营和管理，由秘书长和副秘书长等组成。其他部门：包括项目部、财务部、宣传部等,否,友成基金会具有联合国经济及社会理事会-非政府组织特别咨商地位，致力于通过国际交流与合作，推动社会创新和可持续发展,"“乡村女性绿色赋能”项目、国际农业发展基金合作项目

",——,"通过培训、实践指导等方式，提升乡村女性的绿色技能，通过资金支持、技术指导等方式，推动乡村农业发展

",直接服务（接收资金支持）,是,官网、新闻、百度、爱企查、中国发展简报、中国慈善家,是,否,海外项目
195,中关村社会组织联合会,1,0,1,2003年,2022年,会长：戴键，常务副会长兼秘书长：戴键，监事长：倪昊,秘书长：谢薇，副秘书长：冯秋帆,——,北京市,非营利性社会组织,——,——,——,——,中关村社会组织联合会秉承“服务、交流、发展、共赢”的宗旨，致力于整合资源，增进中关村社会组织之间的沟通与合作，充分发挥桥梁纽带作用，推动中关村社会组织的发展。联合会围绕国家发展战略和中关村发展方向，开展政策宣讲、创业讲坛等活动，搭建助推中关村企业国际化的服务平台,最高权力机构：会员大会，选举产生理事会和监事会。理事会、监事会、秘书处,否,联合会通过搭建国际交流平台，推动中关村企业“走出去”，参与国际竞争，提升中关村企业的国际影响力,"2022年，联合会被联合国经济及社会理事会授予“特别咨商地位”、联合国经济及社会理事会特别咨商活动、中关村企业国际化服务平台项目，中德智能网联汽车国际创新论坛，为荷兰企业提供市场研究调查与战略方案定制、合规和法律事务、注册许可、寻找合作伙伴、知识产权保护、人力资源管理等服务，为英国企业提供市场调研和分析等服务

",美国，德国、荷兰、英国,国际交流与合作：推动中关村企业参与国际竞争，提升国际影响力。技术与经验分享：分享中关村在科技创新、企业发展等方面的经验,间接服务,是,官网、新闻、百度、爱企查、科学网,是,是,海外交流访问
196,中关村绿色矿山产业联盟,1,0,1,2014年,2023年,理事长：魏甲明，秘书长：王亮,"顾问：彭苏萍，副主席：聂百胜、温挨树、张宏、张雪飞等，监事长：董良

",——,北京市,非营利性社会团体,——,——,——,——,联盟致力于以技术创新为指导，以资源利用集约化、开采方式科学化、企业管理规范化、安全生产标准化、生产工艺现代化、矿山环境生态化为重点，系统性研究绿色矿山体系发展和基础支撑手段,"最高权力机构：理事会，下设理事长、副理事长、秘书长等。内部部门：办公室、科技部、国际合作部等，以及专家团队

",否,联盟通过国际合作，推动绿色矿山技术和理念的国际化，提升中国在国际矿业领域的影响力,"2023年，联盟取得联合国特殊咨商地位、联合国绿色矿业发展论坛、国际绿色矿山技术交流项目

",美国,"参与联合国及相关国际组织举办的绿色矿业论坛，开展技术培训为国际矿业企业提供绿色矿山技术培训

",直接和间接服务,是,官网、百度、新闻、爱企查、全国团体标准信息平台,是,是,海外交流访问
197,中国人口福利基金会,1,0,1,1987年,2002年,现任理事长：武家华，秘书长：赵本志,办公室（人事部）主任：赵本志，财务总监：彭斌，国内项目部部长：刘丽容，国际合作部部长：李晓琳,——,北京市,基金会（公募）,——,——,——,——,宗旨：坚持以人为本，关注弱势群体，增进人口福利与家庭幸福，促进社会和谐与生态文明。价值理念：艰苦奋斗，求真务实，诚信友善，全心全意为捐赠者、志愿者、受助者服务。,最高权利机构：理事会，下设名誉理事会、理事长、副理事长、秘书长等。内部部门：办公室（人事部）、财务资产部、国内项目部、国际项目部、社会联络部、宣传推广部,否,通过国际合作项目，推动人口与健康领域的全球合作，提升中国在国际人口福利领域的影响力,“幸福微笑——救助唇腭裂儿童”项目、“一带一路”海外医疗援助项目、尼泊尔地震救灾项目、与美国福特基金会合作，在河南省上蔡县开展了救助艾滋病母亲活动,美国、尼泊尔、一带一路相关国家,与国际组织合作，开展实地救助活动,直接和间接服务,是,官网、百度、中国日报网、中国政府网、新闻,是,是,海外项目
198,中国经济社会理事会,1,0,0,2001年,2001年,现任主席：王东峰,理事会副主席：黄润秋、理事会常务理事：赵静,——, 北京市,非营利性社会组织,——,——,——,——,中国经济社会理事会致力于发挥研究、咨询、服务作用，支持国家改革开放和经济社会发展。其团结经济社会各界，以人为本，坚持科学发展观，发挥研究咨询服务作用，为推进经济社会协调发展，构建和谐社会贡献力量；致力于推动与经济社会理事会和类似组织国际协会及其成员组织、各国经济社会研究机构之间的交流与合作。​,领导机构​：包括主席、副主席、秘书长等。​分支机构​：下设办公室、研究部、信息联络部等机构，社会事务委员会、文化事务委员会、环境事务委员会等事务委员会，国际协会工作组、中欧圆桌会议工作组等工作组,否,——,"派团出席了在荷兰海牙召开的经社理事会和类似组织国际协会第七次全体会议。与欧盟经济社会委员会开展互访，签订两组织主席声明，确立对话交流机制。​与法国经济社会理事会签订了合作议定书，并与法国经社理事会共同举办“中法共同债务研讨会”。​与韩国经济社会和劳动理事会主席就深化中韩两国经社理事会合作交换意见。​与俄罗斯联邦公众院举行应对新冠肺炎疫情经验交流视频会议，分享我国经济社会医药卫生领域应对新冠肺炎疫情的措施和经验。​应邀派代表团赴泰国出席联合国亚太经社委员会举办的宏观经济政策、减贫和发展筹资委员会会议。​赴韩国出席“亚洲社会对话论坛”。​赴摩洛哥出席非洲经济社会理事会联盟全体会议、“应对气候变化挑战和挖掘非洲人口红利”国际研讨会。​赴俄罗斯出席“消除不平等：俄罗斯可借鉴的全球经验”国际会议，宣介中国方案。​

",欧盟、法国、韩国、俄罗斯、泰国、摩洛哥等,"主要是通过互访、签订合作议定书、举办研讨会、参加国际会议等形式，与其他国家和地区的相关组织进行交流合作，分享经验、提出建议等，属于间接服务

",间接服务,是,中国政协网、百度、人民网、人民政协网、官网,是,是,海外交流访问
199,当代基层民主促进中心,1,0,0,2004年,2006年,法定代表人为米有录,——,——,北京市,民办非企业单位,——,——,——,——,整合中国基层民主研究的学术力量，推动中国基层民主事业的发展,——,否,——,参与“中国村民自治的过去、现在和未来国际研讨会”、承办第七届亚欧人民论坛第三分会第一议题：“地方治理——亚欧基层参与式民主”、中欧村务培训项目办联合承办了“中国村民自治的过去、现在和未来国际研讨会”,欧洲,通过举办研讨会、论坛等形式，与其他国家和地区的相关组织进行交流合作，分享经验、提出建议等,间接服务,是,天眼查、百度、人民网,是,❗目前处于注销状态,海外交流访问
200,中国野生动物保护协会,1,0,0,1983年,——,会长：李春良，秘书长：武明录,——,——,北京市,非营利性社会组织,——,——,——,——,推动中国野生动物保护事业与社会经济的可持续发展，促进人与自然的和谐,常设办事机构为秘书处，行政上受国家林业局指导,否,——,大熊猫国际合作，与国际野生动物保护学会合作项目，与柬埔寨、缅甸、老挝跨国合作项目,美国、西班牙、澳大利亚、奥地利、柬埔寨、缅甸、老挝等,通过技术指导、实地核查评估、签署合作协议、开展科学研究、学术交流、专业技术培训、举办国际交流活动等形式，与其他国家和地区的相关组织进行交流合作,间接服务,是, 官网、光明网、国际野生生物保护学会官网、政府网,是,是,海外项目
201,中国就业促进会,1,0,0,2005年,——,会长：张小建,荣誉会长​：宋健、陈锦华、何鲁丽、成思危、蒋正华、黄孟复等名誉会长​：郑斯林、张左己、李伯勇、阮崇武等,——,北京市,非营利性社会组织,——,——,——,——,以邓小平理论和“三个代表”重要思想为指导，深入贯彻落实科学发展观，紧密围绕新时期经济社会发展总体规划和就业工作大局，以《中华人民共和国就业促进法》等法律法规为准则，紧密配合政府部门贯彻实施就业优先发展战略和积极就业政策，开展劳动就业理论以及人力资源开发利用研究，开展有助于促进就业和服务于劳动者的实践活动，充分发挥桥梁纽带作用，为推动我国就业事业改革发展服务,——,否,组织开展促进就业的国际项目交流活动，发展同国外就业服务机构和国际就业促进组织的友好合作关系,"联合举办“一带一路”建设·人力资源发展论坛​

",——,通过举办国际论坛等形式，与其他国家和地区的相关组织进行交流合作，分享经验、提出建议等,间接服务,是,官网、中国日报网、百度、新闻,是,是,海外交流访问
202,中国文学艺术界联合会,1,0,0,1949年,2004年,现任主席​：铁凝,——,——,北京市,非营利性社会组织,——,——,——,——,中国文联是中国共产党领导的由全国性的文艺家协会，省、自治区、直辖市文学艺术界联合会和全国性的产（行）业文学艺术联合会组成的人民团体，是党和政府联系文艺界的桥梁和纽带，是繁荣发展社会主义文艺事业、建设社会主义先进文化的重要力量,最高权力机构​：中国文学艺术界联合会全国代表大会和由它选举产生的全国委员会。​内设机构​：包括书记处、办公厅、国内联络部、国际联络部、权益保护部、网络文艺工作处等,否,中国文联紧紧围绕党和国家中心工作，主动服务国家外交大局，聚焦推动构建人类命运共同体和中华文化走出去，充分发挥文联组织优势和专业优势，精心组织策划系列对外文化交流品牌项目,"“今日中国”艺术周​、“中国-欧盟文化艺术节”​、“新媒体时代文艺的空间拓展与国际传播高级研修班”​、“一带一路”主题文艺展演​

",泰国、柬埔寨、摩纳哥、捷克、比利时、毛里求斯、法属留尼旺、吉尔吉斯斯坦、白俄罗斯、克罗地亚、巴拿马、中印、“一带一路”沿线国家等,主要通过举办艺术展览、文化交流活动、研修班等形式服务于国际文化交流和推广,间接服务,是,中国文艺网、中国新闻网、百度、作家网,是,是,海外交流访问
203,太湖文化论坛,1,0,0,2008年,2014年,主席​：严昭柱,名誉主席​：张梅颖、孙家正、罗马诺·普罗迪,——,北京市,非营利性社会组织,——,——,——,——,太湖世界文化论坛旨在促进中外文化交流合作，推动不同文明互学互鉴。论坛立足中国，走向世界，为促进中外文化交流提供一个开放、包容、多元的高端平台,业务主管单位为中国文联，常务理事会设在北京,否,"论坛致力于推动不同文明对话与合作，增进国际社会对中华文化的了解，促进世界文化多样性

",参加2014年巴黎会议“丝绸之路——中西方文化交流的永恒通途”、2018年中医药文化发展高层会议、2021年世界文化技艺（龙子湖）交流中心​,法国,"通过举办国际会议、文化交流活动等形式服务于国际文化交流和推广

",间接服务,是,官网、微信公众号、新闻、百度,是,是,海外交流访问
204,中国前外交官联谊会,1,0,0,1995年,2010年,会长​：林琳,名誉会长​：李肇星、符浩、田曾佩、蔡方柏,——,北京市,非营利性社会组织,——,——,——,——,利用会员的外交资源优势，促进国内外交流，拓展经贸、科技、文教等各领域的互利合作，为实施我国“走出去”和“请进来”的战略服务。同时，发扬我国外交人员热爱祖国、热爱和平的优良传统，宣传我国改革开放，和平发展，创建和谐社会的巨大成就，发挥民间外交特色，开展国际交流和联合国非政府组织系统的活动,——,否,“开展交流、增进了解、发展友谊、推进合作”，致力于通过各种活动促进中外友好关系，推动国际间的科技、文化及经济交流,中非民间论坛、GBD公共外交文化交流中心,非洲、印度,主要通过举办论坛、文化交流活动等形式服务于国际交流和友好关系的促进,间接服务,是,公共外交网、中国网、百度、新闻,是,否,海外交流访问
205,中国亚非学会,1,0,0,1962年，1991年重新审核,——,现任会长​：李新烽。​副会长​：张宏明（常务）、刘中民、刘鸿武、肖宪、沐涛、张忠祥、张振克、李安山、李新烽、杨光、洪永红、徐伟忠、郭志峥、黄民兴。​,秘书长​：詹世明,——,北京市,全国性民间学术团体,——,——,——,——,促进中国对亚非地区和国家政治、经济、文化、宗教和社会状况的研究，积极开展国内外学术交流，推动中国与亚非国家的友好交往,——,否,——,“阿以冲突”学术讨论会​、“伊斯兰复兴主义”学术研讨会​、“曼德拉思想与实践”讨论会​、“纪念万隆会议召开50周年暨中国与亚非国家关系回顾及前瞻”国际学术研讨会​、“新国际环境下的亚非合作”研讨会​、“非统/非盟五十年与亚非合作”研讨会​、“一带一路”战略和新时期亚非合作——纪念万隆会议60周年高端研讨会​、“新时期中国在非洲利益的拓展与维护”学术研讨会​、“非洲重点国家研究”学术研讨会​,亚非地区,主要通过举办学术研讨会、国际学术交流等形式服务于国际交流和学术研究。​,间接服务,是,百度、官网、新闻、中国政府网,是,是,海外交流访问
206,中国非洲史研究会,1,0,0,1980年,——,现任会长​：李安山,副会长​：沐涛、洪永红、孙红旗、刘海方、舒展、李新峰、李智彪、张忠祥、孙晓萌，秘书长​：毕健康,——,北京市,全国性民间学术团体,——,——,——,——,遵循“百花齐放、百家争鸣”的方针，协调和加强国内外学术交流，促进非洲问题研究的深入，推动中国—非洲关系的发展，为我国的改革开放和社会主义现代化事业做出贡献,——,否,——,国际学术交流​、学术考察和讲学​,非洲地区,"主要通过举办学术研讨会、国际学术交流等形式服务于国际交流和学术研究

",间接服务,是,官网、新闻、百度、知乎,是,否,海外交流访问
207,北京市民间组织国际交流协会,1,0,0,2010年,2010年,会长​：黄承祥,秘书长​：徐强,——,北京市,非营利性社会团体,——,——,——,——,推动北京市民间组织与国际非政府组织的交流与合作，通过工作调研、政策宣传、信息咨询、出版刊物、专业培训、组织活动等形式为北京市民间组织参加国际非政府组织活动提供服务,最高权力机构是会员代表大会，内设机构为秘书处,否,——,"举办了联合国亚太地区非政府组织论坛、第七届亚欧人民论坛、全球妇女峰会等国际会议，联合主办首次线上“地球一小时”活动，主办了首都民间友好交流与合作云对话系列活动，农业技术线上培训专场​，北京国际民间友好论坛​

",亚太地区、欧洲、非洲等地区，具体国家包括美国、荷兰、比利时、尼泊尔、斯里兰卡、毛里求斯、希腊、古巴、韩国、意大利、巴基斯坦、缅甸、马尔代夫、突尼斯、柬埔寨、南非等,主要通过举办国际会议、活动、线上培训、抗疫合作等形式服务于国际交流和合作,间接服务,是,百度、中国一带一路网、新闻、官网,是,是,海外交流访问
208,中华全国新闻工作者协会,1,0,0,1957年,2008年,现任主席​：何平，现任党组书记​：刘思扬,——,——,北京市,非营利性社会团体,——,——,——,——,团结全国各族新闻工作者，以马克思列宁主义、毛泽东思想、邓小平理论和“三个代表”重要思想为指导，全面落实科学发展观，坚持党在社会主义初级阶段的基本路线、基本纲领和基本经验，坚持新闻工作为人民服务、为社会主义服务、为全党全国工作大局服务，加强新闻队伍建设，维护新闻工作者的合法权益，推动新闻工作改进创新，开展同香港特别行政区、澳门特别行政区、台湾地区和国际间的新闻交流与合作，为繁荣和发展我国社会主义新闻事业，为把我国建设成富强、民主、文明、和谐的社会主义现代化国家而奋斗,——,否,加强与海外华侨华人新闻团体、新闻媒体和新闻工作者之间的交流与合作,新闻茶座​、中国—中东欧国家记者圆桌会​、澳大利亚获奖记者交流项目、匈牙利访问活动​,中东欧国家、澳大利亚、匈牙利等,主要通过举办新闻茶座、记者圆桌会、大师授课、公开演讲、媒体交流等形式服务于国际交流和新闻合作,间接服务,是,中国新闻网、百度、官网、人民网,是,是,海外交流访问
209,中国农业国际交流协会,1,0,0,1999年,——,会长​：王守聪，副会长​：刘辉、金国令、王博、王淼、吴振涛、夏建华,秘书长​：于洁,——,北京市,非营利性社会团体,——,——,——,——,发挥行业指导作用，制定行业规章，规范行业行为，推动行业发展；调查研究国内外农业发展动态和趋势，提供农业咨询服务；建设中国农业国际交流信息网络，打造多语种农业国际交流网络信息平台,设立秘书处、会员部、国际交流部、项目开发部、信息咨询部,否,——,中美农业高层研讨会​、中非农业合作项目,美国、非洲等,主要通过举办国际会议、研讨会等形式服务于国际交流和合作,间接服务,是,爱企查、官网、百度中国农业大学新闻网,是,否,海外项目
210,中国宗教界和平委员会,1,0,0,1994年,1994年,现任主席​：帕巴拉·格列朗杰,常务副主席​：张茂于,——,北京市,非营利性社会团体,——,——,——,——,坚持友好、和平、发展、合作的原则，发扬中国宗教界爱国爱教和崇尚和平的优良传统，积极促进各宗教团体的团结和睦，发展同各国宗教界及世界性、地区性和各国宗教和平组织之间的交流与合作，维护祖国统一，促进世界和平与共同发展,——,否,——,出席“世宗和”第六届大会​、出席“亚宗和”第五届大会​、出席“世宗和”第七届大会​、出席“宗教与精神领袖世界和平千年大会”、出席“亚宗和”第六届大会​,意大利、梵蒂冈、泰国、安曼（约旦）、美国、印尼等,主要通过出席国际宗教和平会议等形式服务于国际交流和和平事业,间接服务,是,佛教导航、官网、新闻、百度,是,是,海外交流访问
211,中华志愿者协会,1,0,0,2011年,2019年,现任会长​：宋志强，副会长​：谭晶、孙东樊、姚立新、张小媛等,——,——,北京市,非营利性社会团体,——,——,——,——,普及志愿理念、弘扬志愿精神，培育志愿文化，发展志愿服务事业，营造文明健康社会风尚、融洽和谐人际关系，推动经济社会又好又快发展，为全面建设小康社会、实现中华民族伟大复兴做出积极贡献,——,否,——,中国青年志愿者海外服务计划——服务联合国机构项目​,老挝、缅甸、泰国、土耳其、美国、斯里兰卡等,主要通过派遣志愿者到联合国机构开展志愿服务，服务内容包括所在国志愿服务能力建设、青年参与可持续发展等,直接服务,是,百度、官网、新闻,是,是,海外项目
212,中国华夏文化遗产基金会,1,0,0,2007年,2011年,会长​：耿瑩,理事长​：耿静,——,北京市,公募基金会,——,——,——,——,唤醒公民保护文化遗产的意识及责任，配合政府调动民间力量修缮和保护中国文化、历史遗迹，推动社会发展和经济建设,——,否,——,“东方之韵——巴基斯坦行”文化交流活动​、巴基斯坦医护人员培训班​、“东方之韵——华夏文化美国行”​、中日建交40周年文化交流活动​,巴基斯坦、美国、日本等,主要通过文化交流活动、培训项目等形式接服务于国际文化交流和合作。,间接服务,是,爱企查、官网、新闻、央视网,是,是,海外交流访问
213,中国市长协会,1,0,0,1991年,——,会长​：殷勇，执行会长​：倪虹,副会长​：刘多、陈之常、孙志洋、杨建强、孙喆、程用文、王凤朝,——,北京市,非营利性社会团体,——,——,——,——,为城市发展服务，为市长工作服务,——,否,——,"中德市长峰会​、中美市长峰会​、中欧市长峰会​、中国东盟市长论坛、“世界城市日”市长论坛

",德国、美国、欧盟、东盟等,主要通过举办国际会议、论坛等形式服务于国际交流和合作,间接服务,是, 爱企查、官网、人民网,是,是,海外交流访问
214,中国儿童少年基金会,1,0,0,1981年,——,现任理事长​：宋秀岩,——,——,北京市,公募基金会,——,——,——,——,抚育、培养、教育儿童少年，辅助国家发展儿童少年教育福利事业，特别是贫困地区的儿童少年教育福利事业,——,否,——,接受来自国内外的捐赠，开展与港澳台同胞、海外侨胞以及国内外组织和个人之间的友好往来和互相合作,——,主要通过接受捐赠、开展合作等形式服务于国际交流和合作,间接服务,是,爱企查、百度、知乎、中国政府网,是,是,海外交流访问
215,中国对外文化交流协会,1,0,0,1986年,2004年,会长​：蔡武，常务副会长​：丁伟,副会长​：潘震宙、陈晓光、赵维绥、常克仁、董伟、吕章申、董俊新、张爱平，秘书长​：张爱平,——,北京市,非营利性社会组织,——,——,——,——,遵守宪法、法律、法规和国家政策，遵守社会道德风尚，通过开展同各国的文化交流与合作，繁荣人类的文化事业，增进中国人民与世界各国人民之间的相互了解与友谊，促进社会进步，维护世界和平,——,否,——,中德市长峰会​、中美市长峰会​、中欧市长峰会​、中国东盟市长论坛、“世界城市日”市长论坛、派出中国民族艺术团出访古巴、“2012(伦敦)奥林匹克美术大会”在伦敦巴比肯艺术中心举办,德国、美国、欧盟、东盟、古巴、日本、伦敦等,主要通过举办国际会议、论坛、演出、展览等形式服务于国际交流和合作,间接服务,是,爱企查、百度、官网、中华人民共和国文化旅游部,是,是,海外交流访问
216,中国华侨国际文化交流促进会,1,0,0,1989年,——,会长​：康晓萍,常务副会长​：陈迈、马粤、马元卓、王绍基、王钦贤、毛峰,——,北京市,非营利性文化社团,——,——,——,——,高举爱国主义旗帜，团结热爱中华民族和中华文化的海内外同胞和友好人士，弘扬中华优秀文化，汲取世界文化精华，开展多种形式的国际文化交流与合作，深化我国人民与世界各国人民的相互了解和友谊,——,否,以侨为桥，沟通中国与世界，促进中外经济贸易、科学技术、文化教育等领域的合作交流，增进中外友好交往、合作共赢,“亲情中华·新闻媒体采访团”赴海外了解侨情、走访侨社，与当地华文媒体交流、“亲情中华·魅力汉语”工程、“亲情中华·快乐飞翔”活动,日本、缅甸、泰国、新加坡、阿联酋、马来西亚、德国、法国、英国、意大利、俄罗斯、匈牙利、捷克、斯洛伐克等,文化交流、信息交流、文化演出、创作、展览、展示、评奖，举办华文教育论坛、培训、讲座、夏令营等,直接和间接服务,是,官网、中国侨网、百度,是,是,海外项目
217,中华全国律师协会,1,0,0,1986年,2016年,会长​：高子程，副会长​：蒋敏、盛雷鸣、岳琴舫、李亚兰、薛济民、郑金都、万立、王清友、才华、杨建伟、韩永安、肖胜方、程守太、吴姜宏,监事长​：吕红兵，副监事长​：刘丕峰、迟日大、朱征夫，秘书长​：田昕,——,北京市,非营利性社会团体,——,——,——,——,保障律师依法执业，维护律师的合法权益；总结、交流律师工作经验；组织律师业务培训；进行律师职业道德和执业纪律的教育、检查和监督；组织律师开展对外交流；调解律师执业活动中发生的纠纷,最高权力机构​：全国律师代表大会。​执行机构​：协会理事会。​常务执行机构​：常务理事会。​日常工作机构​：秘书处。​下设机构​：包括办公室、会员部、业务部、调研部、培训部、宣传部、联络部、国际部等8个机关机构，17个专门工作委员会和22个专业委员会,否,围绕“一带一路”建设，推动律师服务“一带一路”建设，增强中国律师在国际交往和参与规则制定中的话语权和影响力,中国律师服务“一带一路”战略建设项目、“一带一路”沿线国家法律环境国别报告、中华全国律师协会、上海市律师协会代表团赴美开展境外法治需求调研,美国、老挝、柬埔寨、“一带一路”沿线国家,介绍“一带一路”沿线国家的法律环境，为中国企业在“一带一路”沿线国家和地区投资、合作、发展提供法律支持；了解掌握境外法治需求，为中国驻外机构、中资企业和海外公民提供优质高效法律服务,直接和间接服务,是,百度、官网、新闻,是,是,海外项目
218,中国互联网协会,1,0,0,2001年,2024年,现任理事长​：尚冰,副理事长​：包括丁磊、马云、马化腾、李彦宏、张朝阳、周鸿祎等,——,北京市,非营利性社会组织,——,——,——,——,秉持“创新的思维、协作的文化、开放的平台、有效的服务”的理念，为会员需要服务，为行业发展服务，为政府决策服务，促进我国互联网事业的繁荣和发展，努力推进网络强国建设,——,否,积极开展国际交流与合作，组织国内互联网相关企事业单位参与国际互联网有关组织的活动，在国际互联网事务中发挥积极作用,中国互联网协会与香港Web 3.0协会共同主办“2024 Web 3.0创新大赛”,——,主要通过举办国际会议、论坛、创新大赛等形式服务于国际交流和合作,间接服务,是,爱企查、国家互联网信息办公室、百度、官网,是,是,海外交流访问
219,中国中小企业协会,1,0,0,2006年,2007年,会长：李子彬，常务副会长：马彬,——,——,北京市,非营利性社会团体,——,——,——,——,宗旨是全心全意为会员及广大中小企业服务，发挥政府与企业之间的桥梁作用，向国务院建言献策，为中小企业健康发展营造良好的社会环境,会长、常务副会长、副会长、秘书长、副秘书长等职位，下设多个专业委员会和工作部门,否,通过国际合作等方式，为中小企业提供服务，促进中小企业的发展,赴美参加美国国际消费类电子产品展览会、组织代表团赴台湾参加“首届海峡两岸中小企业论坛”、成立中国中小企业协会“一带一路”工作委员会,沙特、尼日利亚、摩尔多瓦、“一带一路”沿线国家,促进文化交流、贸易交流、技术交流和教育培训交流以及展会旅游等,直接和间接服务,是,中国网、百度、新闻、官网,是,是,海外交流访问
220,天津市社会组织国际交流促进会,1,0,0,2012年,2024年,秘书长：张耀,——,——,天津市,非营利性社会团体,——,——,——,——,本着包容、互鉴、共享的理念，推动本市民间组织参与国际非政府组织活动，广泛联系国内外民间组织和人士，创建国际交流平台，开拓国际交流渠道，促进中外民心相通,——,否,——,与美国天津总商会共同举办了中国传统文化非遗传承交流会,美国,主要通过举办文化交流活动、非遗传承交流会等形式服务于国际交流和合作。,间接服务,是,百度、新闻、官网、爱企查、天津政务网,是,是,海外交流访问
221,大连市民间组织国际交流促进会,1,0,0,2011年,——,会长​：柴德胜,——,——,大连市,非营利性社会团体,——,——,——,——,进一步贯彻落实党中央关于民间组织“走出去”的战略部署，大力推进我市民间组织积极有序参与国际非政府组织的交流合作,——,否,——,策划并承办全国首次民间组织国际交流会工作研讨会​、承办东北亚和平发展论坛​、赴缅友好交流活动​、​出席中国-东南亚民间高端对话会​、主办达利毕加索艺术真迹精品展​,缅甸、东南亚等,主要通过举办研讨会、论坛、交流活动等形式服务于国际交流和合作,间接服务,是,爱企查、百度、中国政府网、新闻,是,否,海外交流访问
222,中国老龄协会,1,0,0,1982年成立，1995年更名,——,会长​：刘振国,副会长​：吕晓莉、王绍忠,国务院副部级事业单位,北京市,——,——,——,——,——,对我国老龄事业发展的方针、政策、规划等重大问题和老龄工作中的问题，进行调查研究，提出建议；开展信息交流、咨询服务等与老龄问题有关的社会活动，参与有关国际活动；承办国务院交办的其他事项和有关部门委托的工作,内设机构​：综合部、政策研究部、权益保护部、事业发展部（国际部）、宣传部,否,——,加入国际性老龄组织、与多国老龄组织建立联系​、参与全球及地区老龄问题治理、博鳌亚洲论坛2025年年会老龄议题分论坛​、2023老年人人权国际会议​、东盟与中日韩应对老龄化国际论坛​、积极应对人口老龄化：挑战、对策与展望——马德里老龄问题国际行动计划二十年”研讨会​,法国、希腊、荷兰、文莱、柬埔寨、老挝、马来西亚、缅甸、菲律宾、新加坡、泰国、越南、日本、韩国、欧盟,主要通过加入国际组织、建立联系、开展合作项目、研究国际经验等形式服务于国际交流和合作,间接服务,是,百度、新闻、官网,是,是,海外交流访问
223,欧美同学会,1,0,0,1913年,1998年,会长​：陈竺,——,全国性留学人员组织,——,——,——,——,——,——,欧美同学会坚持以国际视野、科学理念推动国家民族振兴，传承留学报国的爱国主义精神，连接海内外留学人员，为国家强盛和民族振兴贡献力量,最高权力机构​：理事会。​下设机构​：设有17个分会、28家团体会员单位及近百个校友会；7个专门工作委员会；以及MBA协会、企业家联谊会等专业委员会。​工作机构​：行政事务管理部、人事文秘部、会员工作部、联络工作部、社会服务部和宣传部。​,否,——,“报国计划”、中法文化论坛​、中德文化论坛​、中美文化论坛​、21世纪中国论坛​、纪念中国公派留学英国50周年论坛​,法国、德国、美国、英国等,主要通过举办论坛、研讨会、合作项目等形式服务于国际交流和合作,间接服务,是,官网、百度、新闻,是,否,海外交流访问
224,中国总会计师协会,1,0,0,1990年,——,会长​：刘红薇,——,——,北京市,非营利性社会团体,——,——,——,——,高举邓小平理论伟大旗帜，全面贯彻执行“三个代表”重要思想，认真执行《会计法》、《总会计师条例》等国家财经法规、政策，团结、组织全国总会计师致力于建立现代企业制度，推动企业实施科学管理和内部控制，努力提高企业财务管理领导水平，提高企业经营管理水平和经济效益,——,否,——,国际合作​：AIA联合认证项目​、AIA-CPA转换AAIA项目​、国际会计师AAIA全权会员资格认证​,英国、新加坡、塞浦路斯、毛里求斯、加纳,主要通过联合认证、战略合作等形式服务于国际交流和合作,间接服务,是,官网、中华网、百度、微信公众号、新闻,是,是,海外项目
225,中华文化促进会,1,0,0,1992年,——,名誉主席​：许嘉璐、高占祥，主席兼法定代表人​：张玉文,——,——,北京市,联合性社会组织,——,——,——,——,弘扬中华文化，促进国际交流,——,否,——,澳大利亚·中华文化节暨茶博会、法国戴高乐基金会艺术文化交流​、亚洲区域文化合作、诺贝尔基金会艺术文化交流​,澳大利亚、法国、亚洲、瑞典,主要通过举办文化节、艺术交流等形式服务于国际文化交流。​,间接服务,是,爱企查、百度、微信公众号、新闻,是,是,海外交流访问
226,中华全国体育总会,1,0,0,1952年,2023年,主席​：高志丹,副主席​：刘国永、张家胜、周进强、连小敏,——,北京市,非营利性社会团体,——,——,——,——,联系、团结运动员和体育工作者，努力发展体育事业，普及群众体育运动，提高全民族的身体素质；不断提高运动技术水平，攀登世界体育高峰；促进社会主义物质文明和精神文明建设，为建设有中国特色的社会主义服务。为实现祖国和平统一与增进世界人民的友谊服务,——,否,——,传统体育国际交流大赛​、中韩群众体育交流活动（中国站）​,韩国等,主要通过举办国际体育交流大赛、体育交流活动等形式服务于国际交流和合作。​,间接服务,是,国家体育总局、百度、官网,是,是,海外交流访问
227,中华慈善总会,1,0,0,1994年,——,会长​：宫蒲光,——,——,北京市,非营利性社会团体,——,——,——,——,发扬人道主义精神，弘扬中华民族扶贫济困的传统美德，帮助社会上不幸的个人和困难群体，开展多种形式的社会救助工作,——,否,——,微笑列车唇腭裂修复慈善项目​、格列卫患者援助项目​、全可利慈善援助项目、安维汀慈善援助项目​、达希纳援助项目​、科跃奇Co-pay慈善援助项目​,美国、瑞士等,主要通过与国际组织和企业合作，提供医疗援助和培训,直接服务,是,微信公众号、新闻网、中国政府网,是,是,海外项目
228,中国奥林匹克委员会,1,0,0,1910年,——,"主席：高志丹，副主席：李静、刘国永、张家胜、王瑞连、周进强、于再清、李玲蔚等

",秘书长：吴坚，副秘书长：徐翔鸿等,——,北京市,非营利性体育组织,——,——,——,——,中国奥林匹克委员会的宗旨是在中国弘扬奥林匹克主义和奥林匹克价值观，推动奥林匹克运动和中国体育事业的发展，通过体育促进构建和谐社会；遵守中国国家法律和有关政策，遵守社会道德规范,最高权力机构​：全体委员大会。执行委员会​，​专项委员会下设妇女与体育委员会、国际关系委员会、医学与反兴奋剂委员会、市场开发委员会、新闻委员会、文化与奥林匹克教育委员会、运动员委员会、群体委员会等8个专项委员会（截至2020年）,否,传播奥林匹克精神、促进国际交流、推动可持续发展、以运动员为中心以及增强公众参与度。,国际综合性体育赛事​、国际奥林匹克日活动​、国际奥林匹克教育交流与合作​、运动员赴境外学习研修,意大利、没过程、塞内加尔等,组织中国体育代表团参加国际赛事，为运动员提供必要的费用和体育装备支持；开展奥林匹克教育交流与合作，推动奥林匹克文化在全球的传播；支持运动员赴境外学习，提升运动员的综合素质等,直接和间接服务,是,知乎、百度、官网,是,是,海外项目
229,中华全国归国华侨联合会,1,0,0,1956年,2016年,党组书记、主席​：万立骏,副主席​：程学源、连小敏、黄志贤,——,北京市,非营利性社会团体,——,——,——,——,中国侨联是中国共产党和中国政府联系广大归侨、侨眷和海外侨胞的桥梁和纽带，其宗旨是为侨服务，凝聚侨心、集聚侨力，共同为振兴中华作贡献,下设部门8个、直属单位6个以及7个所属社团,否,通过海外联谊、文化交流、经贸合作等方式，加强与海外侨胞的联系，维护海外侨胞的合法权益，推动中外交流合作,“侨连五洲”主题活动​、“亲情中华”主题活动​、“一带一路”华商峰会​、海外侨界高层次人才为国服务活动​、海外华文教育项目、海外公益项目​、“追梦中华·知音湖北”2025海外华文媒体荆楚采访行​,塞尔维亚、东盟等,文化交流、经贸合作、人才引进、公益援助、华文教育等。​,直接和间接服务,是,搜狗、微信公众号、官网、中国政府网,是,是,海外项目
230,中国志愿服务联合会,1,0,0,2013年,——,会长​：刘淇,副会长兼秘书长​：赵津芳,——,北京市,非营利性社会组织,——,——,——,——,普及志愿理念，弘扬志愿精神，培育志愿文化，组织开展志愿服务活动，推动形成我为人人、人人为我的社会风尚。​,——,否,加强与联合国志愿人员组织和其他国家志愿服务组织合作，开展多边双边国际志愿服务；密切与港澳台和海外华人华侨志愿服务团体联系，开展民间志愿服务交流。​,中国志愿服务联合会志愿医生团队首批医疗救援队奔赴缅甸，执行紧急医疗援助任务,缅甸,医疗救援、疾病诊疗、外科手术等。​,直接服务,是,百度、人民网、官网,是,是,海外项目
231,中国友谊促进会,1,0,0,2000年,2014年,理事长​：陈智敏,名誉理事长​：韩启德，法定代表人​：桑麟榆,——,北京市,非营利性社会组织,——,——,——,——,和平、友谊、进步。通过开展国际民间友好联谊活动，增进中国人民同世界各国、各地区人民的了解和友谊，加强同港、澳、台地区及华人华侨的友好人士和团体的合作交流和联谊活动，促进友谊，维护和平,——,否,通过开展国际民间友好联谊活动，增进中国人民同世界各国、各地区人民的了解和友谊，加强同世界各国、各地区及华人华侨的友好人士和团体建立发展友好合作关系,青岛APEC工商界主题论坛、与美国商务部交流、与联邦参议员胡子修交流、举办“大变局下的中日关系——不忘初心 携手构建新时代中日关系”研讨会、代表团访问柬埔寨中国港澳侨商总会,美国、加拿大、柬埔寨等,国际民间友好联谊活动、文化交流、经贸合作、咨询服务等,直接和间接服务,是,爱企查、天眼查、中华人民共和国公安部、官网,是,是,海外交流访问
232,中国社会组织促进会,1,0,0,2008年,——,第四届理事会会长、法定代表人​：杨岳,常务副会长​：孙伟林，副会长兼秘书长​：刘忠祥,——,北京市,非营利性社会组织,——,——,——,——,动员和依靠社会各界力量，加强社会组织管理与发展的理论研究，密切社会组织之间的联系和信息分享，推进社会组织的自律与互律，扩大中国社会组织与国际社会组织的交流与合作,——,否,扩大中国社会组织与国际社会组织的交流与合作,促进气候与性别领域社会组织发展项目​、2025年4月21-25日赴日本大阪、京都开展的国际交流活动​,日本、欧洲等地,国际交流与合作、能力建设、资源共享、气候政策倡导、社区实践及国际协作等,直接和间接服务,是,微信公众号、中国日报网、官网、百度,是,是,海外项目
233,中国出版协会,1,0,0,1979年,2024年（目前能查到的）,理事长​：邬书林，副理事长​：马国仓、王利明、王明舟、王斌、孙柱、李朋义、杨芳、陆彩荣、林鹏、徐炯、郭义强、黄强、黄志坚、梁勇、惠西平、谢寿光、鲍洪俊、谭君铁,秘书长​：王利明,——,北京市,非营利性社会组织,——,——,——,——,以马克思列宁主义、毛泽东思想、邓小平理论和“三个代表”重要思想、科学发展观、习近平新时代中国特色社会主义思想为指导，全面贯彻执行党的路线、方针、政策，坚持出版工作为人民服务、为社会主义服务的方向，促进出版事业的发展和出版队伍的建设，维护会员单位的合法权益，推动出版业的创新、改革、发展，推动与国际出版界及香港、澳门、台湾地区的交流与合作，为繁荣社会主义出版事业，为建设社会主义文化强国而奋斗,——,否,"推动与国际出版界的交流与合作，促进出版业的国际化发展

",《为国铸盾——中国原子弹之路》新书出版​,俄罗斯,国际出版合作、文化交流、版权输出等。​,直接和间接服务,是,官网、新闻、百度、中国作家网,是,是,海外交流访问
234,中国广播电影电视社会组织联合会,1,0,0,2014年,2019年,会长​：范卫平,副会长兼秘书长​：黄炜,——,北京市,非营利性社会组织,——,——,——,——,大力弘扬社会主义核心价值观，坚持正确的政治方向，坚决贯彻落实党和国家的方针政策、法律法规，坚持围绕中心、服务大局，坚守政治责任和社会责任，坚持社会主义文化的前进方向，始终把社会效益放在首位,该联合会有53个专业委员会，单位会员包括中央广播电视总台、中国教育电视台等广播电视播出机构、制作机构和传输机构，中国传媒大学、浙江传媒学院等高等院校，总局主管的14家全国性广播电视一级协（学）会，各省级广播电视协（学）会等2000余家单位,否,通过国际交流与合作，推动广播影视行业的国际化发展，弘扬社会主义核心价值观,“中国-东盟影视国际合作计划”​、“中非影视合作工程”​、“丝绸之路影视桥工程”​、《红楼梦》电视剧的缅语译制项目​、《郑和》合拍项目​,马来西亚、东盟地区、缅甸、非洲地区、“一带一路”沿线国家,影视译制、国际合作、文化交流、影视项目合拍、纪录片合作等。​,直接和间接服务,是,官网、新闻培训网、百度、新闻,是,是,海外项目
235,中国网络空间安全协会,1,0,0,2016年,2016年,"理事长​：孟丹，秘书长​：郝晓伟

",副理事长​：王小云、王芸、卢卫、冯登国、齐向东、李雪莹、李湘宁、李慧镝、张熙伟、陈益民、倪行军,——,北京市,非营利性社会组织,——,——,——,——,发挥桥梁纽带作用，组织和动员社会各方面力量参与中国网络空间安全建设，为会员服务，为行业服务，为国家战略服务，促进中国网络空间的安全和发展,——,否,通过国际交流与合作，推动网络空间安全领域的国际化发展,"2016中俄网络空间发展与安全论坛​、2020年联合国互联网治理论坛研讨会​、2020年联合国互联网治理论坛研讨会​、2021年联合国互联网治理论坛研讨会​、2023年中欧数字领域二轨对话​、2024年中非互联网发展与合作论坛·筑牢网络安全坚实屏障分论坛​

",俄罗斯、美国、欧洲等地,国际网络空间治理、技术交流、政策研究、人才培养、网络安全合作等。​,直接和间接服务,是,知乎、新闻、国家互联网信息办公室,是,是,海外交流访问
236,中国旅游协会,1,0,0,1986年,——,"会长​：段强，副会长兼秘书长​：张润钢，秘书长​：葛磊

",副会长​：王煜、王德刚、汤文俭、苏志刚、杜一力、陈向宏、陈妙林、赵金俊、保继刚、姚军、郭丽娟、康国明、傅建国、王海民、孙波、李峰、白玛多吉,——,北京市,非营利性社会组织,——,——,——,——,遵守国家的宪法、法律、法规和有关政策，代表和维护全行业的共同利益和会员的合法权益，为会员服务，为行业服务，为政府服务，在政府和会员之间发挥桥梁纽带作用，促进我国旅游业的持续、快速、健康发展,最高权力机构​：会员代表大会，执行机构​：理事会，设置常务理事会,否,开展对外交流与合作，发展与国际民间旅游组织的联系与合作，扩大对外影响,与世界旅行社协会联合会（UFTAA）及其所属亚太地区联盟（UAPA）、美国旅行商协会（ASTA）的合作​,美国、亚太地区,国际旅游合作、行业交流、信息共享等。​,直接和间接服务,是,爱企查、搜狗、百度、官网,是,是,海外交流访问
237,中国青年企业家协会,1,0,0,1985年,——,会长​：潘刚，专职常务副会长、法定代表人​：许华平,副会长​：方毅、白云峰、朱奕霏、朱钰峰、刘浩、刘元瑞、刘成城、闫凯境、李昭强、杨剑、吴毅、吴立群、何志涛、张光远、张显峰、陈鲲、陈阳海、段刘文、钱俊冬、徐胜杰、高一轩、高裕弟、傅盛、舒畅,——,北京市,非营利性社会组织,——,——,——,——,高举中国特色社会主义伟大旗帜，以马克思列宁主义、毛泽东思想、邓小平理论、“三个代表”重要思想、科学发展观、习近平新时代中国特色社会主义思想为指导，坚决贯彻党的基本理论、基本路线、基本方略，解放思想、实事求是，与时俱进、改革创新，紧扣服务党和国家工作大局、服务青年企业家成长发展，充分履行思想引领、成长培育、促进合作、权益维护、诚信自律等职责，团结带领青年企业家听党话、跟党走，为实现“两个一百年”奋斗目标、实现中华民族伟大复兴中国梦而奋斗,最高权力机构​：会员代表大会，执行机构​：理事会、常务理事会，日常办事机构​：秘书处，内设办公室、会员部、活动部,否,促进港澳台及国外有关青年组织和工商界的交流与合作,G20青年企业家联盟​,G20相关国家,国际交流与合作、促进青年企业家的国际化发展,直接和间接服务,是,爱企查、微信公众号、官网、新闻,是,是,海外交流访问
238,中国扶贫志愿服务促进会,1,0,0,2016年,2015年,会长​：刘永富,副会长兼秘书长​：王明山,——,北京市,非营利性社会组织,——,——,——,——,围绕为贫困地区发展提供服务，促进贫困县、贫困村摘帽以及建档立卡贫困户脱贫致富，通过充分发挥社团组织的作用，聚合中国社会扶贫的资源和力量，建立健全社会扶贫志愿服务平台,最高权力机构​：会员代表大会，执行机构​：理事会、常务理事会，日常办事机构​：秘书处,否,——,“微笑儿童学校供餐项目”​、“国际爱心包裹项目”​,埃塞俄比亚、苏丹、乌干达、纳米比亚等非洲国家,学校供餐、提供学习用具等,直接和间接服务,是,官网、中国经济网、 中国发展简报,是,否（2023年）,海外项目
239,中华宗教文化交流协会,1,0,0,2005年,2006年,会长​：崔茂虎,"副会长​：演觉、李光富、杨发明、李山、吴巍、杨明明、郑筱筠，秘书长​：韩松

",——,北京市,非营利性社会组织,——,——,——,——,以“中华”为旗帜，以“宗教”为渠道，以“文化”为依托，以“交流”为手段，凝聚、团结海内外华人的力量，增进、扩大与各国家和地区的友好关系，在平等、尊重、包容、互利的原则下，广交朋友、增进友谊、促进合作,最高权力机构​：会员代表大会。​执行机构​：理事会、常务理事会。​日常办事机构​：秘书处,否,通过举办一系列大型宗教文化交流活动，增强在宗教领域的国际话语权，扩大中华文化的国际影响力，加强与海内外宗教界的友好交流,"世界佛教论坛​、举办国际道教论坛​、举办中美基督教高峰论坛​、举办中印尼伊斯兰教文化展演​、《神州和乐》访问演出​、第25届世界佛联大会​、出访印度、尼泊尔、泰国​

",新加坡、尼泊尔、泰国、斯里兰卡等,宗教文化交流、举办论坛、文化展演、访问演出等。​,直接和间接服务,是,百度、官网、中国政协网、新闻、佛教导航,是,否（2023年）,海外交流访问
240,中国佛教协会,1,0,0,1953年,2011年,现任会长​：演觉,——,——,北京市,非营利性宗教团体,——,——,——,——,协助人民政府贯彻宗教信仰自由政策，维护佛教界的合法权益；弘扬佛教教义，兴办佛教事业，发扬佛教优良传统，加强佛教自身建设；高举爱国爱教旗帜，团结各民族佛教徒，倡导人间佛教思想，积极参加社会主义物质文明和精神文明建设，开拓创新，与时俱进，庄严国土，利乐有情，为祖国统一、世界和平作贡献,最高权力机构​：全国佛教代表会议，执行机构​：理事会、常务理事会，日常办事机构​：秘书处,否,加强和世界各国佛教徒的友好往来与文化交流,中澳新佛教论坛​、南海佛教圆桌会​、中国佛教文化代表团赴法交流​、中韩日佛教友好交流会议​、北京灵光寺佛牙舍利赴泰国供奉​、侨僧文化交流系列活动、纪念隐元禅师东渡370周年系列活动​、​博鳌亚洲论坛宗教分论坛​、重庆华岩寺非遗文化艺术澳洲展​、少林寺海外文化中心、​世界佛教论坛​、中加美佛教论坛、澜湄流域佛教交流会​,新加坡、马来西亚、印尼、菲律宾、越南、印度、尼泊尔、柬埔寨、斯里兰卡、美国、加拿大、意大利、瑞士、波兰、澳大利亚、新西兰、日本、韩国等,宗教文化交流、举办论坛、文化展演、访问演出、佛典数字化、慈善活动等。​,直接和间接服务,是,佛教导航、新闻、中国政府网、官网,是,是,海外项目
241,中国道教协会,1,0,0,1957年,2007年,会长​：李光富，秘书长​：李寒颖,副会长​：张金涛、黄至杰、孟至岭、袁志鸿、胡诚林、谢荣增、陆文荣、张高澄、吴诚真、董中基、张诚达、吉宏忠、张明心、赵理修、邓信德、袁宗善、梁崇雄、吴理之,——,北京市,非营利性宗教团体,——,——,——,——,团结、带领全国道教徒爱国爱教，拥护中国共产党的领导和社会主义制度，遵守国家宪法和法律法规，培育和践行社会主义核心价值观，积极与社会主义社会相适应；兴办道教事业，弘扬道教教义，维护道教界合法权益；发扬道教优良传统，传扬道教文化，为促进经济社会发展，为维护宗教和睦、民族团结、社会和谐、祖国统一、世界和平作贡献，为实现中华民族伟大复兴的中国梦发挥积极作用,最高权力机构​：全国代表会议，执行机构​：理事会、常务理事会，日常办事机构​：秘书处,否,通过对外友好交往，促进宗教文化交流，维护世界和平,道行天下·2013中国道教文化对外交流系列活动​、中国道教协会代表团赴泰国进行文化交流活动​、中国道教协会代表团赴韩国访问交流、国际道教论坛​、中西道教界线上交流会​、中国-东南亚道教城隍信仰文化系列活动​、道教文化展览、讲座、音乐武术演出等活动​,新加坡、马来西亚、印尼、泰国、菲律宾等东南亚国家，韩国、比利时、法国、美国、日本、德国、意大利等,道教文化展览、讲座、音乐武术演出、赠书活动、学术交流、祈福法会等,直接和间接服务,是,新闻、官网、中国网、知乎,是,否,海外项目
242,中国伊斯兰教协会,1,0,0,1953年,——,会长​：杨发明,——,——,北京市,非营利性宗教团体,——,——,——,——,协助人民政府贯彻宗教信仰自由政策，发扬伊斯兰教优良传统，爱护祖国，团结各族穆斯林积极参加社会主义建设，发展和加强同各国穆斯林的友好联系，维护世界和平。​团结和带领全国各民族穆斯林拥护中国共产党的领导和社会主义制度，遵守国家法律法规，走伊斯兰教与社会主义社会相适应的道路,最高权力机构​：全国代表会议，执行机构​：理事会、常务理事会，日常办事机构​：秘书处,否,发展和加强同各国穆斯林的友好联系，维护世界和平,组织和帮助有条件的穆斯林赴麦加朝觐​,沙特阿拉伯,组织朝觐活动,直接服务,是,百度、中国政府网、新闻、官网,是,否,海外交流访问
243,中国天主教爱国会,1,0,0,1957年,——,现任主席：李山,——,——,北京市,非营利性宗教团体,——,——,——,——,团结、带领全国天主教神长教友，拥护中国共产党的领导和社会主义制度，遵守国家宪法、法律、法规和政策；高举爱国爱教旗帜，在政治、经济和教会事务上坚持独立自主自办原则，维护国家主权和教会事务自主权，坚持中国化方向，与社会主义社会相适应，按照民主办教精神协助教务组织做好牧灵福传工作；引导全国神长教友在促进经济社会发展中发挥积极作用，维护祖国统一、民族团结、社会和谐、宗教和睦、世界和平，为实现中华民族伟大复兴的中国梦贡献力量,最高权力机构​：全国代表会议，执行机构​：理事会、常务理事会，日常办事机构​：秘书处,否,通过对外友好交流，维护世界和平,国际友好交往活动​、接待国外参访团​、赴北欧交流访问​,北欧国家,宣传中国宗教政策，展示中国天主教的良好形象，推动中外文明交流互鉴,直接和间接服务,是,官网、百度、新闻,是,是,海外交流访问
244,中国基督教协会,1,0,0,1980年,2004年,会长​：吴巍，总干事​：单渭祥,副会长​：许伦胜、余文良、沈学彬、张克运、陈田元、陈逸鲁、单渭祥、高明、樊宏恩,——,北京市,非营利性宗教团体,——,——,——,——,坚持自治、自养、自传的三自原则，独立自主自办教会，团结全国所有信奉上帝、承认耶稣基督为主的基督徒，走爱国爱教、荣神益人的道路；在圣灵的引领下，同心合意，遵照圣经真理，制订和完善我国教会规章制度，办好教会，带领全国基督徒在促进经济社会发展中发挥积极作用；遵守宪法、法律、法规和国家政策，践行社会主义核心价值观，遵守社会道德风尚,最高权力机构​：中国基督教全国代表会议，执行机构​：中国基督教协会全国委员会，日常办事机构​：秘书处,否,通过对外友好交流，维护世界和平,中国教会中青年外事骨干培训会暨中国基督教本届海外联络委员会年度工作会议​、中国基督教代表团赴德参加世基联会议​、中国基督教协会代表团访问美国​、中国基督教协会与美国路易帕劳协会举行视频会议、中华基督教青年会全国协会组团出席青年会世界协会蒙巴萨事工推进峰会​,德国、美国、肯尼亚等,友好交流、培训、圣经事工展示、视频会议、参加国际峰会等,直接和间接服务,是,搜狗、中国政府网、中国民族宗教网、官网,是,是,海外交流访问
245,中华基督教青年会全国协会,1,0,0,1912年,2018年,会长​：陈新，副会长​：蒿志强,总干事​：吴建荣,——,北京市,非营利性社会服务团体,——,——,——,——,在国家的宪法、法律、法规范围内，坚持独立、自主、自办的方针和基督教三自爱国的原则，促进青年、成人、少年儿童和老年人德、智、体、群四育的发展，培养高尚健全的人格，服务社会，造福人群，为促进社会主义精神文明和物质文明的建设，开展国际友好交往，维护世界和平而努力,最高权力机构​：全国代表会议，执行机构​：理事会，日常办事机构​：秘书处,否,开展国际友好交往，维护世界和平,青年会亚太协会及国际与亚太地域联青社领导人顺访中华基督教青年会全国协会​,亚太地区国家,促进中国青年会融入世界青年会运动中，推动亚协、联青社、中国青年会多方互动发展,直接服务,是,官网、百度、爱企查、新闻,是,否,海外交流访问
246,中华基督教女青年会全国协会,1,0,0,1923年,1980年,会长​：姜茜莉，副会长​：刘红，总干事​：归晓欣,——,——,上海市,非营利性社会团体,——,——,——,——,本基督精神，促进妇女德、智、体、群四育的发展，培养健全高尚的人格，团契的精神，服务社会，造福人群，为决胜全面建成小康社会、夺取新时代中国特色社会主义伟大胜利，为推动构建人类命运共同体和世界和平而努力,最高权力机构​：全国代表会议，执行机构​：理事会，日常办事机构​：秘书处,否,坚持独立自主自办和平等、友好的原则，积极开展对外交流活动,与日本、英国、美国等国家以及香港地区青年会的友好交往​,日本、英国、美国等,通过与国际青年会的交流与合作，促进国际友好关系，推动世界和平,间接服务,是,百度、新闻、 中国政府网、中国基督教网,是,否（2023）,海外交流访问
247,中国音乐家协会,1,0,0,1949年,1980年,现任主席：叶小钢,——,——,北京市,非营利性社会组织,——,——,——,——,中国音乐家协会贯彻执行党的文艺方针政策，坚持以人民为中心的工作导向和创作导向，围绕中心，服务大局，面向基层，服务群众，与时俱进，改革创新，积极履行团结引导、联络协调、服务管理、自律维权的基本职能，组织开展学习培训、深入生活、采风创作、评奖办节、成果展示、理论研讨、出版宣传、文艺志愿服务、对外交流和权益保护等各项工作，致力于我国音乐事业的繁荣发展，努力成为广大音乐工作者的温馨之家,最高权力机构​：中国音乐家协会全国代表大会，职能部门​：包括办公室、会员工作处（权益保障）、对外联络处、活动管理处、理论研究处、人事处（党办）等，专业委员会​：设有创作委员会、理论委员会、民族音乐委员会、表演艺术委员会、音乐教育委员会、社会音乐活动委员会、对外联络委员会等,否,通过对外交流活动，促进中国音乐与世界各国音乐文化的交流与合作，推动中国音乐走向世界，提升中国音乐在国际上的影响力,奥地利音乐文化交流项目​、赴英文化交流专场音乐会​、莫斯科国际音乐节​、肖邦国际音乐节暨第33届肖邦国际少年儿童钢琴比赛​,奥地利、英国、俄罗斯、德国、波兰、西班牙等,包括举办音乐会、比赛、讲座、音乐节、展览等文化交流活动，支持和推广杰出音乐家，促进音乐教育和人才培养,直接和间接服务,是,百度、百科、新闻、官网,是,是,海外项目
248,中国美术家协会,1,0,0,1949年成立，1953年改名,2009年,现任主席​：范迪安,副主席​：王书平、许江、闫平、李翔、李劲堃、李象等,——,北京市,非营利性社会组织,——,——,——,——,中国美术家协会致力于我国美术事业的繁荣发展，努力成为广大美术工作者的温馨之家,最高权力机构​：全国代表大会，执行机构​：代表大会选举产生理事会，理事会选举主席、副主席，组成主席团，日常工作机构​：书记处，下设办公室、展览部、对外联络部、会员工作部、研究室、编辑部，专业委员会​：设有艺术委员会（包括各美术门类的艺术委员会）,否,通过对外美术交流项目，增强当代中国美术的国际影响力，促进中外美术交流,“中国中青年美术家海外研修工程”​、中国美术世界行、中外画家共绘中国美丽乡村、香港画家画香港、艺术与和平——中国当代美术作品展、中国第十二届全国美术作品展览国际巡展,希腊、马耳他、西班牙、捷克、新西兰、美国、意大利等,包括举办美术展览、组织美术家研修交流、邀请国外美术家写生等,直接和间接服务,是,微信公众号、百度、官网、网易、新闻,是,是,海外项目
249,中国摄影家协会,1,0,0,1956年,1981年,现任主席​：李舸，驻会副主席​：郑更生,副主席​：王琛、刘鲁豫、李树峰、杨越峦、吴健、宋靖、线云强、谢子龙、潘朝阳、鞠鹏，秘书长​：居杨，副秘书长​：于德海,——,北京市,非营利性社会组织,——,——,——,——,中国摄影家协会致力于推动和支持摄影家和摄影工作者不断提高文化修养和艺术水平，开展创作，交流摄影技艺，培养摄影人才；重视和支持群众性摄影活动，满足人民群众多方面的精神需求；积极发展摄影文化产业；致力于促进国际民间摄影文化交流；积极开展摄影行业规范建设和摄影职业道德建设,最高权力机构​：全国代表大会，执行机构​：代表大会选举产生理事会，理事会选举主席、副主席，组成主席团，日常工作机构​：书记处，专业委员会​：有9个学术指导委员会和专业委员会,否,致力于促进国际民间摄影文化交流,"国际摄影艺术展览会​、国际摄影交流活动​

",美国、俄罗斯、意大利、英国、希腊、德国、新加坡、阿联酋、澳大利亚、埃及、土耳其、格鲁吉亚、匈牙利、沙特阿拉伯、印度尼西亚、葡萄牙、菲律宾、瑞典等,举办国际摄影展览、组织国际摄影比赛、开展国际摄影交流活动等,直接和间接服务,是,官网、新闻、百度,是,是,海外交流访问
250,中国书法家协会,1,0,0,1981年,1991年,现任主席​：孙晓云，名誉主席​：沈鹏、张海、苏士澍,副主席​：王丹、毛国典、叶培贵、代跃、刘月卯、李昕等,——,北京市,非营利性社会组织,——,——,——,——,中国书法家协会以组织全国书法篆刻家研究和开展书法、篆刻活动为宗旨，贯彻“百花齐放、百家争鸣”的方针，努力继承发扬中国书法、篆刻传统，普及书法、篆刻艺术，开展对外交流,最高权力机构​：全国代表大会，执行机构​：代表大会选举产生理事会，理事会选举主席、副主席，组成主席团。​日常工作机构​：秘书长，专业委员会​：包括楷书、行书、草书、隶书、篆书、篆刻、学术、刻字、硬笔书法、教育、编辑出版、鉴定评估、权益保障、书法发展、国际交流、书法艺术指导等16个专业委员会，直属单位​：《中国书法》杂志社、中国书法培训中心、中国书法考级中心、中国书法家协会网站、中国书法工艺发展基金和中国书法产业办公室等,否,积极开展对外交流活动，加强同港、澳、台地区和各国书法界的联系，发展与世界各国同行的友好合作，广泛建立国际联系，为发展和促进中国书法艺术，为世界文化和世界和平做出应有的贡献,“中国国际书法邀请展”​、“首届中国国际书学交流会”​、“汉字之美·中国书法环球行”项目​、荷兰、捷克书法交流活动​,法国、德国、葡萄牙、澳大利亚、新西兰、墨西哥、加拿大、比利时、俄罗斯、毛里求斯、荷兰、捷克,举办书法篆刻展览、开展书法理论研讨、进行书法交流等,直接和间接服务,是,官网、新闻、中国书法协会,是,是,海外项目
251,中国农业产业化龙头企业协会,1,0,0,2013年,2023年,会长​：刘身利,——,——,北京市,非营利性社会组织,——,——,——,——,中国农业产业化龙头企业协会的宗旨是“沟通、服务、自律、发展”，即发挥协会的桥梁和纽带作用，坚持为会员企业服务、为行业服务、为政府服务，维护会员合法权益，倡导行业自律，推动农业产业化健康、有序、稳定发展,最高权力机构​：会员代表大会，执行机构​：理事会，日常工作机构​：秘书处，专业委员会​：包括油料产业分会等,否,协会致力于开展国际合作，推动农业产业化龙头企业“走出去”,"国际辣椒联盟合作​、海外农业信息服务合作​

",意大利、匈牙利等,国际合作、海外农业信息服务、政策研究等,直接和间接服务,是,爱企查、新闻、中国政府网、官网,是,是,海外项目
252,中国种子协会,1,0,0,1980年,1995年,会长​：张延秋,副会长​：蒋协新、万建民、钱前等，秘书长​：蒋协新,——,北京市,非营利性社会组织,——,——,——,——,遵守国家宪法、法律、法规和相关政策，遵守社会道德风尚，坚持为政府、为行业、为企业服务，促进种子产业健康持续发展,最高权力机构​：会员代表大会，执行机构​：理事会，日常工作机构​：秘书处，专业委员会​：包括食用菌分会等,否, 致力于开展国际合作,1995年和2003年分别加入国际种子联盟（ISF）和亚太种子协会（APSA），在ISF理事会中拥有永久席位和重要话语权、与美国种子贸易协会合作​、种业国际人才培训​、种业研究报告​、2025种子大会暨南繁硅谷论坛​,荷兰、巴西、阿根廷、泰国、日本、韩国等,种质资源交换、植物育种创新、种子技术培训、知识产权保护、种子营销服务、种子国际贸易等,直接和间接服务,是,爱企查、微信公众号、官网、百度,是,是,海外项目
253,中国亚洲经济发展协会,1,0,0,1993年成立，2016年更名,——,会长​：权顺基，执行会长​：刘红路,常务副会长兼秘书长​：陈军，荣誉会长​：顾秀莲、唐家璇、贾春旺、李蒙等，名誉会长​：石广生、张秀夫、钱树根、李德洙等,——,北京市,非营利性社会团体,——,——,——,——,协会宗旨是组织和协调会员企业积极开展同亚洲各国工商企业界的交往，开展双方乃至多方的经济、文化交流合作，增进彼此之间的了解和友谊，为中国和亚洲国家的经济发展做出贡献,最高权力机构​：会员代表大会。​执行机构​：理事会。​日常工作机构​：秘书处。​内设部门​：办公室、财务部、东北亚合作部等,否,协会致力于促进亚洲各国之间的经济、文化交流合作，积极响应“一带一路”倡议，推动会员企业与亚洲各国的经济合作，增进彼此之间的了解和友谊,中韩企业家合作展望论坛、中日企业家合作展望论坛、中马经济合作展望论坛、亚洲经济峰会、亚洲杰出经济人论坛,韩国、日本、马来西亚、新加坡、泰国、老挝、柬埔寨、缅甸等,举办国际论坛、开展经济合作交流、促进招商引资、推动会员企业与亚洲各国的经济合作,直接和间接服务,是,爱企查、微信公众号、新闻、官网,是,是,海外交流访问
254,中国农业机械流通协会,1,0,0,1991年,——,会长​：范建华，专职副会长​：游凌，秘书长​：陈涛,监事长​：吴军旗，会长助理​：马春，副秘书长​：王跃生,——,北京市,非营利性社会团体,——,——,——,——,中国农业机械流通协会的宗旨是积极贯彻“三个代表”重要思想，推进社会主义新农村建设，为农业、农村、农民服务；协助政府做好行业管理工作，推动农机行业改革；发挥桥梁、纽带和中介作用，反映会员和行业的愿望和要求，维护会员合法权益；加强与国际同行的交流与合作,最高权力机构​：会员代表大会，执行机构​：理事会，日常工作机构​：秘书处,否,协会致力于加强与国际同行的交流与合作，推动农机行业的国际化发展,2025泰国国际农业机械展览会​、2024中国国际农机贸易峰会​、2024韩国国际农机展​、2024意大利博洛尼亚农业及园林机械展览会​、中巴农业机械合作洽谈会​、中埃农业机械合作交流​,泰国、韩国、意大利、巴西、埃塞俄比亚,举办国际农机展览、开展商务对接洽谈会、组织企业参观国际农机展、推动中巴农业机械合作洽谈、开展中埃农业机械合作交流,直接和间接服务,是,微信公众号、官网、新闻,是,是,海外交流访问
255,中国侨商联合会,1,0,0,2003年,——,会长​：谢国民,常务副会长​：王琳达,——,北京市,非营利性社会团体,——,——,——,——,中国侨商联合会以“服务会员、贡献社会”为宗旨，充分发挥侨界人才荟萃、智力密集、联系广泛的优势，广泛团结和凝聚海内外广大侨商,最高权力机构​：会员代表大会，执行机构​：理事会，日常工作机构​：秘书处,否,中国侨商联合会致力于增进与国外工商社团的交往，为提高侨商企业的国际竞争力服务,中国侨商论坛​、中国国际华商节​、加中贸易投资峰会​、世界华商大会​、海外投资贸易对接交流活动​,美国、加拿大、英国、法国、意大利、韩国、日本、澳大利亚、俄罗斯、挪威、瑞典、德国、新加坡、菲律宾、柬埔寨、土耳其等,促进侨商与国内外企业的经贸合作，提升侨商企业的国际竞争力,直接和间接服务,是,微信公众号、官网、新闻、中国政府网、中国侨网,是,是,海外交流访问
256,中国航空运输协会,1,0,0,2005年,2007年,党委书记、理事长​：王昌顺，常务副理事长​：潘亿新,副理事长​：任英利、王明远、冯德华、罗来君、车进军，秘书长​：孙静,——,北京市,非营利性社会团体,——,——,——,——,中国航空运输协会以民用航空公司为主体，由企、事业法人和社团法人自愿参加组成，是行业性的、不以营利为目的的全国性社团法人。其宗旨是遵守宪法、法律法规和国家的方针政策，按照社会主义市场经济体制要求，努力为航空运输企业服务，为旅客和货主服务，维护行业和航空运输企业的合法权益，为会员单位之间及会员单位与政府部门之间的沟通，发挥桥梁和纽带作用,最高权力机构​：会员代表大会，执行机构​：理事会，日常工作机构​：秘书处，内设部门​：​综合事务部（理事会办公室）、党群工作部（联合党委办公室）、计划财务部、运输业务部、通航业务部、团标环保部、科技培训部、交流会展部、发展研究部（研究咨询中心）,否,加强与国际同行的交流与合作，推动航空运输行业的国际化发展,中国航空租赁高峰会、会见了“美国中西部与中国战略经济发展委员会访华团”、参展第二届CATA航空大会、联合主办的“民航业数据出境安全评估经验交流会”、签署“国际航空仲裁战略”、第二届中国—东盟民航合作论坛,美国、哈萨克斯坦、东盟国家,参加论坛、签署协议,间接服务,是,微信公众号、官网、新闻、百度、知乎,是,是,海外交流访问
257,中国民用机场协会,1,0,0,2006年,2010年,理事长​：王瑞萍，秘书长​：李小梅,副秘书长​：黄伟宏,——,北京市,非营利性社会团体,——,——,——,——,中国民用机场协会以“共同参与、共同分享、共同成就”为指导思想，以维护会员合法权益为宗旨，采用多种形式服务会员，诸如举办各类国内外交流会议，收集和评估机场发展信息，组织课题调研和提出政策建言，并受政府委托，起草行业标准，推动新技术运用等,最高权力机构​：会员代表大会，执行机构​：理事会，日常工作机构​：秘书处,否,协会致力于加强与国际同行的交流与合作，推动机场行业的国际化发展,与国际机场理事会（ACI）合作​、中英经贸联委会机场分组会议​、疫情期间“云外事”视频会议​、中国民用机场疫情常态化防控团体标准推广​,美国、英国、亚太地区,参加会议，建立合作渠道,直接和间接服务,是,百度、官网、中国民用航空网、爱企查,是,是,海外交流访问
258,中国工业经济联合会,1,0,0,1988年成立，1998年更名,2017年,会长​：李毅中，执行副会长​：孙树义、荣剑英、熊梦,秘书长​：熊梦,——,北京市,非营利性社会团体,——,——,——,——,中国工业经济联合会的宗旨是通过加强调查研究、指导行业协会工作，在为政府、行业协会和企业服务中，发挥参谋、助手和桥梁、纽带作用，为完善社会主义市场经济体制，推进社会主义工业现代化建设，全面建设小康社会做出贡献,最高权力机构​：会员代表大会，执行机构​：理事会，日常工作机构​：秘书处，内设部门​：​综合办公室、制造业单项冠军办公室,否,致力于开展同世界各国及地区的工商协会交流与合作，努力推进“一带一路”建设与产业合作,国际交流与合作​、国际会议与论坛​、与欧洲对外贸易协会（FTA）合作​、“一带一路”建设与制造强国建设协同发展项目​、国家电网巴西美丽山特高压输电二期项目​、海外（德国）工业考察研学活动、国际合作（航空）产业协同创新平台项目​,巴西、德国、欧洲等,为解决地方经济和产业发展面临的问题提供智力支持和解决方案,直接和间接服务,是,微信公众号、百度、爱企查、官网、新闻,是,是,海外项目
259,国际投资促进会,1,0,0,2006年,——,常务副会长兼秘书长​：周晓燕，副会长​：唐振明、狄森,名誉会长​：吴仪，名誉副会长​：马秀红,——,北京市,非营利性社会团体,——,——,——,——,根据我国的经贸战略，充分发挥社团组织的作用，整合全国的投资促进资源和力量，建立全国性的经贸投资促进平台；促进我国参与区域经济一体化战略的实施，实施我国政府制定的投资促进战略,最高权力机构​：会员大会，执行机构​：理事会，日常工作机构​：秘书处，顾问体系​：设立在名誉会长、名誉副会长和会长领导下的顾问委员会和专家咨询委员会,否,致力于加强与国际投资促进机构的沟通与合作，推动中国企业“走出去”和外商“引进来”,与世界100多个城市合作策划和举办过城市招商、项目推介活动​、参与投资促进国际组织的活动​、举办国际性会展活动,美国、英国、俄罗斯、沙特阿拉伯、欧盟、东盟国家,为外商来华投资和中国企业海外投资提供有效服务，包括咨询、信息、培训等,直接和间接服务,是,经济网、百度、新闻、爱企查、官网,是,是,海外交流访问
260,中国民营经济国际合作商会,1,0,0,2011年,——,会长​：周海江，常务会长​：蒋锡培、余弘力、梅向荣、胡成高、王勇、陈蕾、南逸、李玉保、李继春,副会长​：崔根良、孔令磊、张颖、吴华新、郑浩生、刘海康、严高明、曹德标、罗宇、毛铁、江楠、蔡节、王丽、邓伟、卞青峰、倪祖根、谈玉琴、张世元、王若飞、黄增流、陈龙、牛扎根、祝珺、吕岩、傅彪、何逸舟、郑勇强、钱琦、袁兴兵、唐文生、张书军,——,北京市,非营利性社会团体,——,——,——,——,以“服务民营企业走出去”为办会宗旨；以“服务为中心、项目为纽带、人才为支撑、资金为保障、需求为重点”为办会理念,最高权力机构​：会员大会，执行机构​：理事会，日常工作机构​：秘书处，内设部门​：​综合事务部、会员组织部、国际事务部,否,推动民营企业积极参与“一带一路”建设，扎实助推民营企业高质量“走出去”，不断提升商会在民营经济国际合作领域中的影响力、向心力和凝聚力,柬埔寨西哈努克港经济特区​、红豆集团在泰国和柬埔寨的轮胎制造基地​、红豆服装外贸​,柬埔寨、美国、欧美、东南亚等,推动民营企业“走出去”，开展国际经济合作与交流,直接和间接服务,是,微信公众号、百度、爱企查、官网、新闻,是,是,海外项目
261,中国对外承包工程商会,1,0,0,1988年,——,会长​：房秋晨，副会长​：于晓虹、辛修明、张湘，秘书长​：姚丹波,副秘书长​：苏建国,——,北京市,非营利性社会团体,——,——,——,——,遵守中华人民共和国宪法、法律、法规和政策，遵守社会道德风尚；在政府和企业之间发挥桥梁和纽带作用，对本行业进行协调、指导、咨询、服务；保护公平竞争，维护正常的经营秩序；维护国家利益、保护会员的正当权益，促进国际工程承包、劳务合作及其他国际经济技术合作事业的发展,最高权力机构​：会员大会，执行机构​：理事会，日常工作机构​：秘书处，内设部门​：​综合事务部、会员组织部、国际事务部,否,积极参与“一带一路”基建合作，秉持“提供服务、反映诉求、规范行为”的职能，促进会员企业境外业务发展，维护行业整体利益，推动我国对外承包工程、对外劳务合作和对外投资事业高质量、可持续发展,国际基础设施投资与建设高峰论坛​、中非基础设施合作大会​、中英企业家委员会​、柬埔寨中国商会交流​,英国、非洲等,提供信息、培训、会展、咨询等服务,直接和间接服务,是, 爱企查、百度、新闻、官网,是,是,海外交流访问
262,国际小水电联合会,1,0,0,1994年，2007年注册,2007年,主席​：许德志，荣誉主席​：奇莱舍·卡普韦普韦，总干事​：徐锦才,秘书长​：程夏蕾,——,杭州市,非营利性国际组织,——,——,——,——,国际小水电联合会通过发展中国家、发达国家和国际组织间的技术和经济合作，促进全球小水电以及当地农村经济社会的发展,最高权力机构​：国际小水电组织协调委员会，执行机构​：秘书处,是（印度、尼日利亚、哥伦比亚）,致力于推动全球小水电的可持续发展，通过南南合作和三方合作，促进小水电技术的交流与应用,“点亮非洲”项目​、“走进拉美”项目​、国际小水电培训​、今日水电论坛​、世界小水电发展报告,非洲、拉美、亚洲等地区,小水电技术培训、项目援助、标准制定、国际合作等,直接和间接服务,是, 爱企查、中国节水灌溉网、百度、新闻、官网,是,是,海外项目
263,中国工程咨询协会,1,0,0,1992年,——,副会长​：姚海新,——,——,北京市,非营利性社会团体,——,——,——,——,中国工程咨询协会是由工程咨询单位、注册咨询工程师以及在工程技术经济领域经验丰富的专家学者所组成的非营利性行业组织，旨在规范工程咨询行为，提高工程咨询质量，维护工程咨询单位和工程咨询人员的合法权益,最高权力机构​：会员代表大会，执行机构​：理事会，日常工作机构​：秘书处,否,致力于推动工程咨询行业的国际化发展，加强与国际同行的交流与合作,国际交流与合作​、亚太地区工程技术咨询发展计划组织（TCDPAP）​,欧洲、亚洲、非洲和拉美地区,参与国际会议，组织国际培训,直接和间接服务,是,微信公众号、百度、爱企查、官网、新闻,是,否,海外交流访问
264,中国产业海外发展协会,1,0,0,2003年,——,会长​：和振伟，副会长​：安继文,秘书长​：蒋赟,——,北京市,非营利性社会团体,——,——,——,——,中国产业海外发展协会旨在为中国企业“走出去”提供全方位服务，积极发挥桥梁和纽带作用，组织与协调企业开展境外投资、防范风险和提质增效等咨询工作,最高权力机构​：会员代表大会，执行机构​：理事会，日常工作机构​：秘书处,否,深入落实共建“一带一路”倡议，为中国企业“走出去”投资发展提供服务,哈萨克斯坦建设巴库塔钨矿项目​、中阿产能合作示范园、印尼奥斯公司250万吨不锈钢一体化冶炼项目​、哈萨克斯坦奇姆肯特炼油厂升级改造项目​、中俄地区合作发展投资基金​,哈萨克斯坦、阿联酋、印尼、俄罗斯等,境外投资咨询、风险防范、项目对接、产能合作等,直接和间接服务,是,百度、天眼查、官网、新闻,是,是,海外项目
265,国家下一代互联网产业技术创新战略联盟,1,0,0,12/1/2014,——,名誉理事长​：吴基传，理事长​：黄澄清，副理事长兼秘书长​：傅承鹏，副理事长​：毛伟、李立,专家委员会顾问​：邬贺铨院士、刘韵洁院士，专家委员会第一主任​：李星教授，专家委员会主任​：蒋林涛教授，专家委员会副主任​：张宏科教授,——,北京市,非营利性社会团体,——,——,——,——,联盟是我国下一代互联网产业的推动者、实践者、组织者，旨在成为我国下一代互联网技术、产品、市场、项目的孵化器和策源地，成为我国下一代互联网市场的资源池、资本池和项目池,最高权力机构​：理事会，执行机构​：常务理事会，咨询机构​：专家委员会，日常工作机构​：秘书处，内设部门​：​行政服务中心、政府服务中心、会员服务中心、咨询规划中心、项目服务中心、培训认证中心、专家服务中心、媒体宣传中心，专业委员会​：​智慧城市应用专业委员会、互联互通技术专业委员会、网络信息安全专业委员会、信用专业委员会、项目建设运营专业委员会、投融资专业委员会，直属机构​：​世界下一代互联网大会组委会、下一代互联网产业基金管理公司、下一代互联网产业技术研究院,否,联盟致力于推动下一代互联网技术的国际化发展，促进国际合作,与国际组织和企业开展合作，推动IPv6等下一代互联网技术的国际应用、粤港澳下一代互联网产业创新中心、全球IPv6测试中心广州实验室​,“一带一路”沿线国家,IPv6技术创新、标准制订、合规认证、产业生态建设,直接和间接服务,是,百度、中国政府网、官网、新闻,是,是,海外项目
266,中国民族贸易促进会（前身为中国民族贸易经济研究会）,1,0,0,1986年（前身），2005年更名,2005年,会长​：蓝军,副会长​：张福阳（常务）、牟婷、杨子谦、王思媛、刘成勋、高福、孔繁军、李贳吾，秘书长​：张福阳,——,北京市,非营利性社会团体,——,——,——,——,中国民族贸易促进会以“聚华夏之财，走创新之路，汇华人之智，铸民族品牌”为宗旨；以“助跑民族品牌、发展中国品牌、打造上市品牌，缔造百年品牌”为战略；以“打造企业家个人品牌、企业品牌、产品品牌”为目标,最高权力机构​：会员代表大会，执行机构​：理事会，日常工作机构​：秘书处,否,致力于推动民族产业与国际间的对接，加强港澳台间经济协作，实现民族经济联动发展，提高民族产业国际竞争力,内蒙古（香港）经贸文化推广周​、国际交流合作​,香港等地,民族品牌的打造，国际间品牌交流合作，企业业务发展，招商引资，传媒推广，人才培养，品牌策划、品牌管理等,直接和间接服务,是,爱企查、百度、官网、新闻,是,是,海外交流访问
267,中国中小企业国际合作协会,1,0,0,1990年,2001年,会长​：邵宁,——,——,北京市,非营利性社会团体,——,——,——,——,遵守国家宪法、法律、法规和政策，贯彻执行国家深化改革、对外开放的方针，开展和促进中外中小企业之间的交流，发挥桥梁作用；反映我国中小企业的愿望和要求，为政府和中小企业服务；建设中小企业国际经济、技术、管理交流的平台，推进我国中小企业健康发展,最高权力机构​：会员代表大会，执行机构​：理事会，日常工作机构​：秘书处，内设部门​：综合部（秘书处）、政策研究部、国际合作部、信息咨询部、培训部、融资服务部、会员部、服务创新部和财务部,否,极发展同国外有关团体、组织、企业的联系和友好往来，拓展国际合作交流渠道,APEC中小企业技术交流暨展示会​、APEC中小企业工商论坛​、中德中小企业经理人培训​、中意工业节能技术培训​、中国-中东欧中小企业合作示范​、国际中小企业新产品新技术展览暨合作洽谈会​、中国国际中小企业商品展览会（常州）​、中国中小企业产品展览会（莫斯科）​、西班牙中小企业服务日​、中意高层论坛、2001APEC中小企业工商论坛暨展览​、中小企业纺织服装展览会（莫斯科）​、中国（苏州）国际中小企业交易会​,俄罗斯、美国、法国、德国、意大利、澳大利亚、日本、韩国、英国、西班牙、乌克兰等,促进中小企业在产品展示、商贸洽谈、技术交流、市场开拓、管理咨询、资金融通、人力资源开发等多方面的国际合作,直接和间接服务,是,微信公众号、爱企查、官网（促进中心）、新闻,是,是,海外交流访问
268,中国与全球化智库,1,0,0,2008年,2011年,主席​：龙永图，理事长​：王辉耀，秘书长​：苗绿,——,——,北京市,非营利性社会团体,——,——,——,——,秉承“国际化、影响力、建设性”的专业定位，坚持“用全球视野，为中国建言；以世界眼光，为中国献策”,——,有（香港、华盛顿、纽约、伦敦、法兰克福、巴黎、悉尼和里约热内卢）,致力于推动全球化战略、人才国际化和企业国际化等领域的研究,与国际知名智库合作​、CCG名家对话午餐会​、CCG全球名家对话系列活动​、国际舞台发声​、国际交流合作​,美国、加拿大、德国、国际货币基金组织、世界银行、新加坡、澳大利亚、法国、英国等,国际交流合作、国际论坛举办、国际问题研究、国际人才交流等,直接和间接服务,是,新闻、中国网、官网,是,是,海外交流访问
269,中国职工对外交流中心,1,0,0,1984年,1987年,秘书长​：张广,办公室主任​：周元,——,北京市,非营利性社会团体（公益一类事业单位）,——,——,——,——,增进中国职工与各国职工之间的相互了解、友谊与合作，促进全球的经济发展和社会进步，共同维护世界和平,最高权力机构​：理事会，日常工作机构​：秘书处，内设部门​：​办公室、国际联络处、技术经济交流处、港澳联络处、台湾联络处,否,致力于促进中外职工、企业间以及工会系统的交流与合作,中日技能者交流​、向日本派遣研修生、中非青年工匠交流营​、中巴青年职工“互学互鉴”研讨营​,日本、韩国、美国、非洲等,技术交流、研修生派遣、青年工匠交流、研讨会举办,直接和间接服务,是,官网、科学人才网、百度、新浪网、中工网,是,是,海外项目
270,全球能源互联网发展合作组织,1,0,0,2016年,2016年,主席​：辛保安，秘书长​：伍萱,合作总监​：程志强,——,北京市,非营利性国际组织,——,——,——,——,推动构建全球能源互联网，以清洁和绿色方式满足全球电力需求，推动实现联合国“人人享有可持续能源”和应对气候变化目标，服务人类社会可持续发展,最高权力机构​：理事会，日常工作机构​：秘书处, 有（全球五大洲设立7个区域办公室和65个重点国家代表处）,推动构建全球能源互联网，促进跨国跨洲互联项目实施，推动全球能源互联网在理念、战略、技术、合作、项目等方面实现全面突破,纳入G20工商峰会发布的《2016年B20政策建议报告》、纳入联合国《2030年可持续发展议程》、全球能源互联网大会​、联合国高级别研讨会​、联合国气候大会主题活动​、国际合作项目​,亚洲、欧洲、非洲、美洲、大洋洲等五大洲的100多个国家,理念传播、战略研究、技术创新、沟通交流、项目合作,直接和间接服务,是,官网、新闻、国务院国有资产监督管理委员会、百度,是,是,海外交流访问
271,中国国际金融学会,1,0,0,2000年,2010年,会长​：葛海蛟,——,——,北京市,非营利性社会团体,——,——,——,——,组织金融行业和社会金融研究力量开展经济、金融理论研究，向社会公众宣传金融政策、普及金融知识，提高金融理论和金融业务水平，促进我国金融业发展,最高权力机构​：会员大会，执行机构​：理事会，日常工作机构​：秘书处,否,致力于推动国际金融合作与交流,中国国际金融学会年会​、与国际金融协会合作​、与新加坡金融管理局合作​、与哥伦比亚大学合作​,美国、新加坡、哥伦比亚等,国际金融合作、学术交流、政策研究等。​,直接和间接服务,是,百度、天眼查、财经新闻、国际金融研究、官网,是,是,海外交流访问
272,中国行政体制改革研究会,1,0,0,2010年,2011年,会长​：杨克勤,副会长​：邓文奎、刘旭涛、鹿生伟、马宝成、陈岩、边保华、丁茂战、赵秋雁、杨开峰、杨睿，秘书长​：刘旭涛,——,北京市,非营利性社会团体,——,——,——,——,高举中国特色社会主义伟大旗帜，以邓小平理论、“三个代表”重要思想和科学发展观为指导，以建成中国特色一流新型智库为目标，紧紧围绕党和国家中心任务，研究行政体制改革和政府管理创新理论与实践问题，为建立完善的中国特色社会主义行政体制、提高政府建设科学化水平、建设服务型现代化政府提供理论支撑与决策咨询服务,最高权力机构​：会员大会，执行机构​：理事会，日常工作机构​：秘书处,否,致力于推动国际合作,加入国际行政科学学会（IIAS）和国际行政院校联合会（IASIA）、与德国施拜尔公共行政研究所合作​、与美国布鲁金斯学会合作​、与新加坡公共服务学院合作​、与联合国经济和社会事务部合作​,德国、美国、新加坡、联合国等,国际合作、学术交流、政策研究等,直接和间接服务,是,百度、官网、人民网、中国政府网,是,是,海外交流访问
273,世界汉语教学学会,1,0,0,1987年,1985年,会长​：钟英华,副会长​：白乐桑（法）、崔希亮、古川裕（日）、马西尼（意大利）、张洪明（美）、赵杨，秘书长​：马箭飞,——,北京市,非营利性国际性团体,——,——,——,——,遵守中华人民共和国宪法、法律、法规和国家政策，遵守社会道德风尚；促进国际汉语教学、研究和推广；加强世界各地汉语教学与研究工作者之间、机构之间的联系；增进各国人民之间的相互了解和友谊，为维护世界和平贡献力量,最高权力机构​：会员代表大会，执行机构​：理事会，日常工作机构​：秘书处,否,致力于推动国际汉语教学的交流与合作,国际汉语教学研讨会​、与联合国教科文组织建立合作关系​、国际中文教学研讨会​、国际中文教育学术年会​等,亚洲、欧洲、美洲、非洲和大洋洲约20个国家与地区,国际汉语教学、研究和推广，加强世界各地汉语教学与研究工作者之间、机构之间的联系,直接和间接服务,是,微信公众号、百度、官网、知网、知乎,是,是,海外项目
274,中国水资源战略研究会,1,0,0,2000年成立，2016年注册,2000年,理事长​：蔡其华,秘书长​：蒋云钟,——,北京市,非营利性社会组织,——,——,——,——,通过广泛联系国内外涉水部门、单位、团体和社会各界人士，深入研究水资源领域的综合性、全局性、前瞻性问题，为推动水资源综合管理、保障水安全提供决策支撑,最高权力机构​：会员代表大会，执行机构​：理事会，日常工作机构​：秘书处，内设部门​：技术委员会，分支机构​：全球水伙伴中国委员会,否,促进国际交流，分享中国水资源问题解决之道,全球水伙伴中国委员会​、国际水伙伴组织​、与世界银行等国际组织开展项目合作​、“一带一路”水发展与青年使命国际研讨会​,全球水伙伴13个地区委员会80多个国家​,水资源综合管理、国际水事交流、水资源问题解决经验分享,直接和间接服务,是,官网、中国水利学会、中国网、新闻、百度,是,是,海外交流访问
275,中国大坝工程学会,1,0,0,1974年,1974年,理事长​：矫勇，秘书长​：汪小刚,副理事长​：马洪琪、曲波、刘伟平、刘金焕、李昇、杨清廷、汪际峰、沈凤生、张建云、张曙光、陈云华、陈生水、陈国平、周厚贵、胡甲均、胡春宏、钮新强、夏忠、晏志勇、景来红、樊启祥,——,北京市,非营利性社会组织,——,——,——,——,中国大坝工程学会致力于对外讲好中国故事、传递中国经验，对内充分发挥纽带和桥梁作用，联合主办学术期刊，组织召开学术会议，推广科学研究成果，推进水库大坝科普宣传，发现和推荐行业优秀科技人才，组织参与国际学术活动，开展国际坝工交流与合作,最高权力机构​：会员代表大会，执行机构​：理事会，日常工作机构​：秘书处，分支机构​：15个专委会,否,致力于推动国际合作,承办了国际大坝委员会第55届执行会议、承办了国际大坝委员会第68届年会与第20届大会、国际学术交流​、中日韩坝工学术交流会​、国际大坝安全研讨会​、国际大坝杰出工程师奖​、国际大坝技术合作​,美国、巴西、西班牙、日本、韩国、越南等,国际学术交流、技术合作、人才培养、奖项评选等,直接和间接服务,是,官网、中国水利网、网易、百度、新闻,是,是,海外交流访问
276,新兴经济体研究会（前身为“中国苏联东欧经济研究会”）,1,0,0,1978年（前身），2011年更名,——,会长​：姚枝仲，副会长​：翟崑、孙学峰、江时学、陈新、张树华、唐宜红、邢广程、李平、张斌、叶海林、胡必亮、翟东升、李青、刘鸿武、柴瑜、蔡春林，秘书长​：徐秀军,副秘书长​：林跃勤、陈万灵、羌建新、张支南、朱杰进、霍伟东,——,北京市,非营利性学术话题,——,——,——,——,以习近平新时代中国特色社会主义思想为指导，组织和推动新兴经济体发展与合作的理论、历史、现状及其发展趋势的研究，不断促进理论进步与学术繁荣，并为相关决策部门提供政策建议,最高权力机构​：会员代表大会，执行机构​：理事会，日常工作机构​：秘书处,否,致力于推动国际合作,新兴经济体中青年论坛​、新兴经济体智库圆桌会​、新兴经济体论坛​、国际研讨会等,巴西、阿根廷、美国、俄罗斯、印度、南非、马来西亚、加拿大、瑞士、澳大利亚、越南、菲律宾等,学术交流、政策研究、智库合作等。​,直接和间接服务,是,中国社会科学网、新闻、官网（论坛）、财经新闻,是,是,海外交流访问
277,中国藏学研究中心,1,0,0,5/1/1986,——,总干事​：拉巴平措，副总干事​：郑堆，党组书记​：陈宗荣,——,——,北京市,"国家级学术研究机构

",——,——,——,——,中国藏学研究中心是以中国西藏及其他藏区的历史、现状和未来发展为研究对象的国家级学术机构，以繁荣和发展中国的藏学研究事业为己任，职责是“两个服务”，即为祖国统一和民族团结服务，为西藏和四省藏区精神文明建设服务,——,否,致力于推动国际合作,与50多个国家的相关研究机构建立了学术交流关系、藏文贝叶经研究​、举办多届北京（国际）藏学研讨会,奥地利、美国、50多个国家,学术交流、人才培养、文献研究,直接和间接服务,是,中国社会科学院、财经新闻、官网、百度、新闻、中国宗教学术网,是,否（2023）,海外交流访问
278,中国儿童戏剧研究会,1,0,0,1982年,1984年,会长​：冯俐，名誉会长​：李若君,副会长​：朱海燕、丁小秋、佟春光，秘书长​：王瑶,——,北京市,非营利性社会组织,——,——,——,——,遵守宪法、法律、法规和国家政策，遵守社会道德风尚，坚持马列主义、毛泽东思想、邓小平理论和三个代表的重要思想，贯彻为人民服务、为社会主义服务的方向和百花齐放百家争鸣的方针，学习贯彻十七大精神，推动文化大发展、大繁荣。以促进我国儿童戏剧事业的繁荣发展和社会主义精神文明建设为宗旨,最高权力机构​：会员代表大会，执行机构​：理事会，日常工作机构​：秘书处,否,致力于推动国际合作,国际儿童戏剧演出与学术交流​、接待国际儿童剧专家、2017儿童戏剧教育大师班​、2017国际儿童戏剧合作与发展论坛​,美国、俄罗斯、丹麦,学术交流、人才培养、剧目创作、演出交流,直接和间接服务,是,百度、官网、中国新闻网、中国经济网、央广网、新闻,是,否（2023）,海外交流访问
279,中国图书馆学会,1,0,0,1979年,1927年,理事长​：熊远明,秘书长​：霍瑞,——,北京市,非营利性社会组织,——,——,——,——,遵守宪法、法律、法规和国家政策，遵守社会道德风尚，团结图书馆工作者，促进图书馆学各个领域的研究和公共图书馆、研究图书馆、高等院校图书馆、专业图书馆等各类图书馆的建设和发展,最高权力机构​：会员代表大会，执行机构​：理事会，日常工作机构​：秘书处,否,致力于推动国际合作,中华图书馆协会成为国际图书馆协会联合会（IFLA）的发起单位之一、中国图书馆学会恢复了在国际图联（IFLA）的合法席位、多次接待国际图书馆界专家进行友好交流、海外图书馆参观交流​、国际研讨会​,美国,学术交流、人才培养、图书馆建设,直接和间接服务,是,百度、官网、中国科学技术协会、中国科学院文献情报中心、爱企查,是,是,海外交流访问
280,中国志愿服务基金会,1,0,0,2009年,——,理事长：徐福顺，副理事长：郭新双、李博、叶日者等,秘书长：李博，副秘书长：周良伟,——,北京市,公募基金会,——,——,——,——,其宗旨是大力普及志愿理念，弘扬志愿精神，搭建爱心平台，健全新时代中国特色志愿服务体系，推动建设人人有责、人人尽责、人人享有的社会治理共同体，为以中国式现代化全面推进强国建设和民族复兴作出贡献,组织架构主要包括理事会、监事会等，理事会是基金会的决策机构，监事会负责监督,否,开展与港澳台同胞、海外侨胞、国外友好团体和人士，以及国际组织、基金组织的友好往来，增进相互了解，推进并实施体现国际人道主义、弘扬中华文化的国际志愿服务公益项目的援助与合作,“丝路心相通”国际志愿服务专项计划​、中国志愿服务基金会“全球志愿服务专项基金”​等,——,打造论坛、落实志愿,间接服务,是,爱企查、百度、中国发展简报、中国政府网、官网、新闻,是,是,海外项目
281,中国教育发展基金会,1,0,0,2003年,——,名誉主席：李岚清、彭佩云，理事长：张保庆,副理事长：王纪新，秘书长：张中原,——,北京市,公募基金会,——,——,——,——,开展经常性的全国助学、助教、改善办学条件及其他有关活动，促进教育及其他有关事业的健康发展,设有理事会、监事会等，理事会成员包括理事长、副理事长、理事等，监事会负责监督工作,否,面向公众募捐的地域是中国以及许可本基金会募捐的其他国家和地区,资助赴中国内地学习、进修的香港、澳门、台湾地区及国外学生,——,资助,直接服务,是, 爱企查、百度、官网、中国政府网、新闻,是,是,海外项目
282,中国青少年发展基金会,1,0,0,1989年,2011年,党委书记、理事长​：郭美荐，党委副书记​：杨晓禹，副理事长​：杨松,理事​：苏明娟、杨燕、张焱、张晓光、陈遥、梁云、董兵、曾锐，监事​：邱沛宁、杜泽敏，常务副秘书长​：杨晓禹，副秘书长​：杨春雷,——,北京市,公募基金会,——,——,——,——,通过资助服务、利益表达和社会倡导，帮助青少年提高能力，改善青少年成长环境。倡导“社会责任、创造进取、以人为本、追求卓越”的价值观,设有理事会和秘书处,否,推动跨区域、跨行业、跨国界的交流与合作，促进社会的全面发展,中非希望工程​、中国间隔年计划​,坦桑尼亚、印度、肯尼亚、北美、澳洲等,兴建小学、资助年轻人自主开展海外项目,直接和间接服务,是,微信公众号、百度、官网、知乎、新闻,是,否（2023）,海外项目
283,中国华侨公益基金会,1,0,0,1985年,——,理事长​：尹媛媛，副理事长​：冯亚丽、李然、张建新、林正佳、谢毅、翟京丽，秘书长​：郑晓辉,理事​：王乐茵、卢永峰、向晖、孙曦、杨宇潇、张西英、林朝晖、赵冠军、施乾平、柴明一、韩俊魁、裘菲立，监事​：赵勇、吴建平、彭志坤,——,北京市,公募基金会,——,——,——,——,发扬侨胞热心公益事业的优良传统，支持华侨事业和侨界关心的经济、文化、科技、教育、卫生、福利、环保、国际交流等各项公益事业的发展，竭诚为社会服务，为海内外广大侨胞服务,理事会​：设理事长、副理事长、理事，秘书处​：下设综合部、侨爱心工程项目部、项目合作部、海外公益项目部,否,利用侨界及国内外企业、个人捐赠的财产开展社会公益慈善事业，为海外侨胞服务,侨爱心·光明行​、捡回珍珠计划​、华侨冰雪博物馆​、丝路心相通​中柬民生合作系列活动、澜湄合作-五官科国际交流与培训​、绿色益惠—节能炉灶项目​、绿色益惠—澜湄合作钢构箱式房校园项目​等,缅甸、柬埔寨、乌兹别克斯坦、印度、菲律宾、老挝等,为困难群众提供视力恢复帮助、为贫困学生资助高中学费、捐赠款物和藏品,直接和间接服务,是,百度、爱企查、官网、新闻、中华全国归国华侨联合会,是,是,海外项目
284,中国互联网发展基金会,1,0,0,2015年,2015年,理事长​：王秀军，秘书长​：杨春艳,理事​：王秀军、邓博仁、申强、付夏冰、刘杰、刘洋、刘勇、杨春艳、吴乐斌、吴建平、张东晨、张维为、林拥军、黄劲、曹增辉、盛瑞生、屠琤、谢新洲、魏志玲，监事​：吕文玉、周汉华、王文，副秘书长​：孙宏建、彭锋、陈雷,——,北京市,公募基金会,——,——,——,——,通过整合社会资源、调动社会力量、运用网络传播规律激发正能量，弘扬社会主义核心价值观，支持中国互联网事业健康发展，促进社会主义核心价值体系传播，维护国家网络安全和社会稳定，积极培育中国互联网人才资源，提升中国互联网国际话语权，关注并参与互联网相关的公益活动,理事会​：设理事长、副理事长、理事。​秘书处​：设秘书长、副秘书长,否,深化国际合作，共同构建和平、安全、开放、合作的网络空间，推动建立多边、民主、透明的国际互联网治理体系,中德互联网产业合作​、中欧数字合作​、香港新媒体大学生实习项目​、全球互联网创新型企业家座谈会​,德国、美国、欧洲等国家,开展互联网产业合作，促进全球互联网创新,直接和间接服务,是,百度、官网、爱企查、知乎、国家互联网信息办公室,是,是,海外项目
285,华盛绿色工业基金会,1,0,0,2015年,2018年,会长​、执行会长​、法定代表人​：李洪彦,副秘书长​：段相锋，总工​：朱华昌，国际产能合作研究院书记、院长​：周长林,——,北京市,公募基金会,——,——,——,——,弘扬绿色发展理念，推广应用绿色新产品和新技术，支持工业绿色发展。致力于推动绿色工业建设，做思想者、创新者和引领者,设置会长、执行会长、总工以及秘书处,否,开展绿色制造国际交流与合作，推动绿色工业发展,中德生物质能装备制造合作协议​、绿色方舟国际联盟​,德国,引进技术、开展服务、推动合作,间接服务,是,搜狐、新闻、爱企查、招聘网、官网,是,是,海外交流访问
286,中国发展研究基金会,1,0,0,1997年,2000年,理事长​：张军扩，副理事长​：刘世锦、卢迈，秘书长​：方晋,副秘书长​：陈国堂、程会强、俞建拖，理事​：王佩亨、方晋、卢迈、朱云来、刘世锦、吕薇、李伟、沈南鹏、林家彬、张小济,——,北京市,公募基金会,——,——,——,——,支持政策研究、促进科学决策、服务中国发展。​,下设理事会和秘书处,否,开展多方面国际交流合作，推动经济社会发展领域的国际交流与合作,中国发展高层论坛​,——,承办国际论坛，促进国际交流与合作。​,间接服务,是,微信公众号、百度、新闻、日报网、官网、中国发展简报,是,是,海外交流访问
287,中国青年创业就业基金会,1,0,0,2009年,——,党委书记、理事长​：裴桓，党委副书记、秘书长​：熊剑,理事​：​万春玲、王兵​、朴国哲​、任泽平、刘德英、孙建、李道​、李芹学、李嘉晓​、杨超群​、何伟、张敏、周海江、郑翔洲、高帅、郭子源、廉思、裴桓、熊剑,——,北京市,公募基金会,——,——,——,——,通过资金扶持、技能培训、信息服务、政策协调和社会倡导，帮助青年创业就业，促进青年发展,下设党委会、理事会、监事会、秘书处,否,——,国际交流,——,——,——,是,中国青年网、百度、 中国政府网、新闻,是,是,海外交流访问
288,中国残疾人福利基金会,1,0,0,3/1/1984,1986年,理事长​：赵素京，副理事长兼秘书长​：周丽君,副理事长​：郑永一、崔源泰、彭翼捷，监事长​：李冬生，监事​：吴革、石坤,——,北京市,公募基金会,——,——,——,——,弘扬人道，奉献爱心，全心全意为残疾人服务,下设理事会、监事会和秘书处,否,积极开展国际交流合作,国际残疾人用品用具展览会​, ——,举办国际残疾人用品用具展览会,间接服务,是,微信公众号、百度、官网、中国政府网、中国盲人协会、新闻,是,是,海外交流访问
289,中国民族文化艺术基金会,1,0,0,1988年,2023年,理事长​：白国庆，副理事长​：高广旭，秘书长​：高广旭,名誉会长​：谷长江，副理事长​：王玉锁、孙旭光、田江南，理事会成员​：吴杰、高广旭、王玉锁、孙旭光、田江南、余均、王力军、郭正英，理事会监事​：张进战，专家顾问委员会​：何丕杰、郑欣淼、冯远、谭仲池、李道豫、田爱习、侯松园，专家委员会秘书长​：侯松园,——,北京市,全国公募型非营利组织,——,——,——,——,保护、研究、展览海内外各民族、民间艺术珍品，推动各类优秀文化艺术作品研发和交流；开展国内外民族文化艺术交流，依照有关规定举办高峰论坛和民族文化博览；抢救、维护、复建濒危古迹，兴建、更新民族文化设施、设备和各类技术软件，建立民族文化保护基地和少数民族新农村文化示范基地；保护非物质文化遗产和各类原生态资源；开展“关心老一代、帮扶下一代”的民族传统文化教育活动与项目；组织人才培训，编辑发行文化、艺术类杂志刊物等,下设理事会、监事会和秘书处,否,开展国内外民族文化艺术交流，依照有关规定举办高峰论坛和民族文化博览,会见马来西亚国际关公文化推广中心考察团,马来西亚,支持马来西亚国际关公文化推广中心工作，推动关公文化的国际传播,间接服务,是, 百度、爱企查、新闻、中华人民共和国文化旅游部、中国政协网,是,是,海外交流访问
290,腾讯公益基金会,1,0,0,2007年,2015年,理事长​：郭凯天，副理事长​：陈菊红，秘书长​：葛燄,理事​：马化腾、刘炽平、任宇昕、林璟骅、罗硕瀚、奚丹、王振耀、陈春花，监事​：司徒文傑,——,北京市,非公募基金会,——,——,——,——,践行科技向善，用公益引领可持续社会价值创新,下设理事会、监事会和秘书处,否,积极开展国际交流与合作,牛津互联网经济论坛​,英国,发表演讲，促进国际学术交流,间接服务,是,腾讯网、百度、官网、微信公众号、知乎、新闻,是,是,海外交流访问
291,新华网,1,0,0,11/1/1997,——,董事长​：储学军，总裁​：申江婴,副总裁​：王震杰、张芮宁，董事​：曾剑秋、黄澄清、王建，监事​：张立佳、武斌,股份有限公司,北京市,——,——,——,——,——,新华网是新华社主办的综合新闻信息服务门户网站，致力于提供权威、准确、及时的新闻信息服务,下设董事会​：设董事长、董事，监事会​：设监事，管理层​：设总裁、副总裁,否,向海外传播中国声音、讲好中国故事的使命,埃及新首都CBD项目​、刚果（布）国家一号公路项目​、秘鲁圣加旺3级水电站​、泰国锐森光纤光缆产业基地一期项目​、莱索托马费腾光伏电站一期项目​、摩洛哥卡萨布兰卡邮轮码头港项目​、马来西亚Gebeng国际机场项目​、英国太阳能和电池存储厂项目​、赞比亚国王专科医院项目​、俄罗斯波罗的海天然气化工综合体项目​等,埃及、刚果、秘鲁、泰国、索莱托、摩洛哥、赞比亚、俄罗斯等,建设基础设施、提供能源项目、技术支持、培训等,直接和间接服务,是,官网、百度、中国政府网、新闻、中国共产党新闻网,是,是,海外项目
292,人民网股份有限公司,1,0,0,2005年,——,法定代表人​：叶蓁蓁,——,其他股份有限公司（上市）,北京市,——,——,——,——,——,作为“网上的人民日报”，人民网具有独特的政治价值、传播价值、科技价值、平台价值、投资价值等五大价值优势。公司通过新闻报道、信息服务、广告业务、技术开发等多种方式实现盈利。​,下设董事会​：设董事长、董事，监事会​：设监事，管理层​：设总裁、副总裁,否,向海外传播中国声音、讲好中国故事的使命,沙特赛达维2吉瓦光伏项目​、中国能建与尼日利亚签署共同开展绿色能源合作备忘录​、中国电工签署尼日利亚夸拉州甘蔗种植和糖厂合作项目备忘录​、中工国际签署尼日利亚水稻机械化中心项目商务合同、中国铁建、中国中铁中标海外项目41亿​、柬埔寨1551公路28号桥梁通车​等,沙特、尼日利亚、坦桑尼亚、伊拉克、柬埔寨、尼泊尔、萨尔瓦多、卡塔尔等,建设基础设施、提供能源项目、技术支持、培训等,直接和间接服务,是,微信公众号、人民网、新闻、中商情报局、爱企查,是,是,海外项目
293,国际广播电台,1,0,0,1941年,1941年,现任领导​：慎海雄,——,——,北京市,国务院直属正部级事业单位,——,——,——,——,向世界介绍中国，向中国介绍世界，向世界报道世界，增进中国人民与世界人民之间的了解和友谊,——,否,通过广播和新媒体平台，向全球传播中国声音，增进国际交流,肯尼亚内罗毕调频台​、老挝万象调频台​,肯尼亚、老挝,广播节目直接面向海外听众、通过新媒体平台和合作项目，扩大影响力,直接和间接服务,是,新闻、百度、官网、央广网,是,是,海外项目
294,北京大学,1,0,0,1898年,——,现任领导​：校长郝平,——,——,北京市,教育部直属高校,——,——,——,——,北京大学致力于培养和造就高素质创造性人才，推动科学技术发展，促进文化传承与创新，服务国家和社会,下设校领导和学院及研究院,否,积极开展国际交流与合作，推动学术研究和人才培养的国际化,北京大学国际战略合作伙伴计划​、北京大学海外交流项目,全球多个国家和地区,学生交换、学术访问、通过合作项目推动学术研究和人才培养,直接和间接服务,是,北京大学官网,是,否（2020）,海外项目
295,中国人民大学,1,0,0,1950年,——,"党委书记​：张东刚,校长​：林尚立
",——,——,北京市,教育部直属高校,——,——,——,——,以“人民、人本、人文”为理念，以“实事求是”为校训，以“立学为民、治学报国”为办学宗旨，以“人民满意、世界一流”大学为建设目标,下设校领导和学院及研究院,否,推动国际化，通过多样化的海外学习项目，培养具有国际视野、掌握国际语言、通晓国际规则、参与国际事务的国际化人才,中意美三学位管理学本科项目​、国家留学基金委国际组织后备人才培养项目​、中国人民大学-香港城市大学联合培养博士研究生项目、校际交换生项目​、中国人民大学亚洲研究中心国际学者交流项目​,荷兰、意大利、美国、英国、法国、韩国、加拿大等,学生交换、联合培养、通过合作项目推动学术研究和人才培养,直接和间接服务,是,新闻、官网、教育部政府门户网站、中国政府网,是,是,海外项目
296,北京师范大学,1,0,0,1902年,——,党委书记​：程建平，校长​：马骏,——,——,北京市,教育部直属高校,——,——,——,——,学校致力于建设成为综合性、研究型、教师教育领先的中国特色世界一流大学,下设校领导和学部及学院,否,积极开展国际交流与合作，推动学术研究和人才培养的国际化,北京师范大学-香港浸会大学联合国际学院（UIC）​、APEC高等教育研究中心​,涉及APEC各经济体,联合培养、通过合作项目推动学术研究和人才培养,直接和间接服务,是,知乎、官网、网易、新闻,是,是,海外项目
297,清华大学公益慈善研究院,1,0,0,2015年,2021年,首任院长​：王名，名誉理事长​：陈旭,——,——,北京市,校级科研机构,——,——,——,——,致力于成为公益研究的引领者、国家顶级公益智库、未来公益领袖摇篮、国际顶尖公益平台,下设管委会、院务会、学术委员会,否,研究院致力于提升在世界公益慈善领域的影响力,国际公益主题研讨会​,孟加拉、法国、新加坡等,组织国际研讨会，邀请国内外专家学者共同探讨相关议题、通过合作项目推动学术研究和人才培养,直接和间接服务,是,官网、百度、公益时报网、清华大学官网、慈善网,是,是,海外交流访问
298,现代国际关系研究院,1,0,0,1980年,——,院长​：杨明杰，副院长​：王鸿刚、傅梦孜、胡继平、傅小强、张力,——,——,北京市,综合性国际问题研究机构,——,——,——,——,致力于成为国际战略与安全问题研究及决策咨询的高端智库，为国家的国际问题和对外决策提供智力支持,下设研究所、研究中心、院长办公室、国际交流部、人力资源部、国际信息资料中心、研究生部,是,积极开展国际交流与合作，与世界主要国家和地区的许多研究机构有学术交流关系,国际学术交流​、国际会议、双边和多边国际学术会议​,涉及全球主要国家和地区,学术交流、合作研究、人才培养，通过合作研究推动学术发展,直接和间接服务,是,官网、新闻、百度、中国网、央视网,是,是,海外交流访问
299,北京外国语大学丝绸之路研究院,1,0,0,2015年,2015年,名誉院长​：张信刚，院长​：彭龙，执行院长​：吴浩,——,——,北京市,高校下属研究机构,——,——,——,——,立足北外“多语种特色”“跨文化优势”“产学研平台”和“走出去桥梁”的要素禀赋和功能定位，致力于在人才培养、学术研究、社会服务、人文交流等方面服务共建“丝绸之路经济带”和“21世纪海上丝绸之路”战略,有院长、执行院长、研究团队,否,围绕“一带一路”倡议，促进中国与丝绸之路沿线国家的人文交流，服务中国向丝路国家“走出去”和丝路国家研习中国改革与发展道路的需求,“一带一路：中国与斯里兰卡—斯里兰卡高级政经研修班”​、泰国可持续发展高级研修团、柬埔寨社会治理高级研修团、蒙古新媒体发展高级研修团、丝绸之路商学院联盟、外国旅客在华支付体验实证研究报告等,斯里兰卡、泰国、柬埔寨、门古、保加利亚等,举办高级研修班、国际学术研讨会、通过调研报告、商学院联盟推动学术和实践的深度对接,直接和间接服务,是,今日中国、新闻、百度、官网、北外新闻网,是,是,海外项目
300,北京市律师协会,1,0,0,1979年恢复，1982年成立,——,会长​：刘延岭，副会长​：郝春莉，监事长​：余尘，秘书长​：刘永,——,——,北京市,非营利性社会团体,——,——,——,——,团结和教育会员维护宪法和法律的尊严，忠实于律师事业，恪守律师职业道德和执业纪律；维护会员的合法权益，提高会员的执业素质；加强行业自律，促进律师事业的健康发展，为依法治国，建设社会主义法治国家，促进社会的文明和进步而奋斗,有会长、副会长、监事长、秘书长、专业委员会,否,积极融入国家立体外交布局，加强与国（境）外律师同行交流合作，服务国家“一带一路”倡议，为中国企业和公民“走出去”提供法治保障,世界城市律协领导人峰会​、乌兹别克斯坦“塔什干法律之春”国际法律论坛​、环太平洋律师协会第30届年会​、第七届金砖国家法律论坛​、欧亚经济论坛法律服务分论坛​、“一带一路”服务机制北京倡议​、“一带一路”沿线六十五个国家中国企业海外投资法律环境分析报告汇编​、律师服务“一带一路”高峰研讨会​等,乌兹别克斯坦、美国、日本、英国、新加坡、马来西亚等,发表演讲、举办论坛、开展调研、发布报告、签署倡议,直接和间接服务,是,爱企查、百度、新闻、北京司法局、中国律师网、官网,是,是,海外交流访问
301,北京市民族联谊会,1,0,0,8/1/1991,——,会长​：钟百利，副会长​：马新明、张旭东，秘书长​：张学斌,联络部部长​：高峰,——,北京市,非营利性社会团体,——,——,——,——,宣传贯彻民族宗教政策和法律、法规；密切联系本市各民族群众，反映各民族群众的合理诉求，维护各民族群众的合法权益；规范和指导少数民族社会组织开展活动，增进友谊，加强团结,会长、副会长、秘书长、联络部,否,积极开展国际交流与合作，促进民族团结进步事业,——,——,——,——,是,新闻、官网、百度、中国政府网、中国民族网,是,是,海外交流访问
302,北京市京剧昆曲振兴协会,1,0,0,1985年,——,会长​：杨凤一，常务副会长（法人代表）​：黄鸣，副会长（秘书长）​：王如昆，副会长​：张毓雯、朱宝光、张逸娟、刘侗、张丽雯、张四全、曹颖、杜镇杰，监事长​：邵钟世,——,——,北京市,非营利性社会团体,——,——,——,——,将民族艺术之花京剧昆曲送进学校课堂，普及到工矿、农村，将民族艺术之根深深扎在青少年和广大民众心中，为振兴京昆艺术准备深厚的群众基础,下设理事会、监事会、秘书处,否,协会积极开展国际交流与合作，促进京昆艺术的国际传播,国际美猴王戏剧中心​、澳洲中国戏曲艺术法学会​、“好魅力”中国戏剧法学会​、旧金山湾区京剧社​、纽约梨园社​、洛杉矶京剧活动​、温哥华京剧活动​、西雅图京剧活动​、费城京剧活动​、肯尼亚华侨联合会​、法兰克福妇女会​、香港文化总会京剧研习社​、澳门京剧活动​,英国、美国、澳大利亚、加拿大、肯尼亚、德国等,推广京剧昆曲艺术，举办演出、讲座、培训等活动,直接和间接服务,是,官网、中国新闻网、新闻、中国文艺网、国粹京剧,是,是,海外项目
303,北京市戏曲评论学会,1,0,0,2013年,2015年,会长​：陈均，副会长​：孙明磊、朱龙斌、胡文阁、武云，秘书长​：王亮鹏,监事长​：高远东,——,北京市,非营利性社会团体,——,——,——,——,以整理、研究和推广中国戏曲艺术和戏曲文化为主要工作内容，服务广大群众日益增长的文化需求，积极促进以戏曲为中心的首都表演艺术的全面提升,下设理事会、监事会、秘书处,否,学会积极开展对外文化交流，推动中国传统戏曲文化的国际传播,中日传统戏剧交流座谈会​,日本,通过座谈会形式，促进中日两国传统戏剧文化的交流与互动,直接和间接服务,是,官网、北京大学艺术学院、新闻、北京日报网、中国民俗网、百度,是,否（2023）,海外交流访问
304,北京市志愿服务联合会,1,0,0,2014年,2007年,会长​：莫高义，副会长​：富大鹏，秘书长​：李健,监事长​：闫满成,——,北京市,非营利性社会团体,——,——,——,——,弘扬志愿服务精神，开展各类志愿服务，规划志愿服务行动，促进志愿服务常态化,下设会员代表大会、理事会、监事会、秘书处,否,北京市志愿服务联合会积极开展对外合作与交流，推动志愿服务的国际化发展,联合国志愿服务合作项目、国际志愿服务骨干培训班、通过北京冬奥会志愿服务促进城市可持续发展项目​、国际志愿服务交流大会​,涉及世界五大洲27个国家,举办培训班、开展志愿服务活动。、通过培训和交流活动，提升志愿者的专业能力和国际视野,直接和间接服务,是,官网、百度、中国志愿服务联合会、知乎、北京市人民政府网站,是,是,海外项目
305,中关村一带一路产业促进会,1,0,0,2016年,——,法定代表人​：张晓东,——,——,北京市,非营利性社会团体,——,——,——,——,以国家“一带一路”战略构想的理念和倡议为基础，围绕“一带一路”沿线国家基础设施互联互通、重点经贸产业园区建设及科技产业转移等内容，充分发挥中关村创新及高科技产业等优势，以市场运作的方式，建立企业“走出去”的合作共同体,设立理事会和秘书处,否,积极融入“一带一路”倡议，通过国际青年创新创业计划——“藤蔓计划”，面向国际青年，举办创新创业系列活动，选拔国际人才，通过科技产业赋能，选拔和孵化优秀国际合作伙伴，积聚国别优势，构建国际产业生态型合作网络,“藤蔓计划”、中巴科技合作中心​,马来西亚、萨尔瓦多、越南、多米克共和国、俄罗斯、塞尔维亚、巴基斯坦、马里、尼泊尔等9,举办创新创业系列活动、提供实习机会，通过科技产业赋能，选拔和孵化优秀国际合作伙伴,直接和间接服务,是,爱企查、官网、一带一路网、百度、新闻、科学网,是,是,海外项目
306,北京市朝阳区国际绿色经济协会,1,0,0,2013年,2014年,法人代表​、执行会长​、常务副理事长​：邓继海,——,——,北京市,非营利性社会团体,——,——,——,——,推动生态文明建设与绿色经济发展，提供相关专业服务，促进绿色经济研究和产业交流,下设会员代表大会、理事会、监事会、秘书处,否,组织和参加国际国内的绿色经济交流与合作，搭建绿色经济交流合作平台,“一带一路”服务贸易推介会​、中巴产业与贸易合作​、“一带一路”绿色化建设与合作交流活动​、中巴经济走廊项目​、“俄品多”O2O平台项目​,俄罗斯、巴基斯坦、“一带一路”沿线国家,举办推介会、组织项目合作、通过平台建设、政策建议等促进合作,直接和间接服务,是,微信公众号、百度、官网、招聘网、爱企查,是,是,海外项目
307,北京市建筑业联合会,1,0,0,1985年,——,法定代表人：王翀,——,——,北京市,非营利性社会团体,——,——,——,——,北京市建筑业联合会秉持“行业代表、行业自律、行业协调、行业服务”的理念，以“生命力在于服务，凝聚力在于活动”为宗旨，致力于成为企业与政府之间的桥梁和纽带,设立理事会、监事会、秘书处,否,积极推动会员单位“走出去”,班达拉奈克国际会议大厦​、阿斯塔纳北京大厦、坦桑尼亚国家体育场​、曼谷湄南河畔地标​、刚果（布）布拉柴维尔商务中心​、援缅甸国家艺术剧院维修改造​、以色列阿里埃勒·沙龙城市广场​、蒙古国乌兰巴托市中央污水处理厂建设项目​、沙特皇家委员会总部大楼项目​、毛里求斯椭圆公寓项目​、几内亚广电大楼​、沙特法赫德国王石油和矿产大学信息科技中心​、毛里求斯路易港商务办公楼​、援科特迪瓦阿比让体育场​、坦桑尼亚桑给巴尔国际机场三号航站楼​,斯里兰卡、哈萨克斯坦、泰国、刚果、缅甸、以色列、蒙古、沙特、几内亚等,建筑,直接服务,是,官网、爱企查、百度、建筑时报、新闻,是,是,海外项目
308,北京市致诚农民工法律援助与研究中心,1,0,0,2005年,——,领导人​：佟丽华,执行主任：时福茂,——,北京市,民办非企业单位,——,——,——,——,致力于为农民工提供免费法律援助，强调农民工依法维权与矛盾化解。通过法律援助推动社会公平正义，促进农民工群体权益保护,——,否,——,海外务工人员工作站​,——,为海外务工人员解答法律咨询，为符合法律援助条件的我国海外务工人员提供援助,直接服务,是,中国发展简报、新闻、官网、百度、北京司法局,是,是,海外项目
309,北京市专利代理人协会（更名为“北京市专利代理师协会”）,1,0,0,2013年,——,第一届会长：崔晓光，第二届会长：谢顺星，秘书长：杜中,副会长：王学强、韦庆文、李毅、张杰，副秘书长：宋蓓蓓，综合部部长：白佳萍,——,北京市,非营利性社会团体,——,——,——,——,推动首都专利代理行业自律规范、服务标准和职业操守的建立与推行；加强专利代理行业信用体系建设，建立面向社会公布的行业信誉档案；搭建首都专利代理人才引进平台，吸引人才向首都专利代理行业聚集；促进知识产权全链条人才队伍发展，助力“两区”建设,——,否,——,举办知识产权国际研讨沙龙,全球多个国家,举办论坛,间接服务,是,爱企查、官网、北京市知识产权局、企查查,是,是,海外交流访问
310,北京光华设计发展基金会,1,0,0,2010年,2011年,理事长邢雷，秘书长张琦,——,——,北京市,民办非企业单位,——,——,——,——,宗旨是扶持设计人才成长，推动设计产业发展，致力于追求人与自然融合共生,——,否,以公益手段推动全球可持续发展，实现人与自然融合共生,绿色设计国际论坛、绿色设计国际贡献奖,瑞士卢加诺、比利时、挪威、德国、意大利、坦桑尼亚、韩国,搭建绿色技术、项目、材料、人才的交流合作平台，推动联合国17个可持续发展目标实现,直接服务,是,微信公众号、官网、中国发展简报、新闻,是,是,海外交流访问
311,北京小米公益基金会,1,0,0,2019年,——,雷军,——,——,北京市,地方性非公募基金会,——,——,——,——,其宗旨是开展慈善活动，不以营利为目的，通过资助扶贫济困的公益活动，助力慈善事业的发展。基金会围绕科技创新、人才培养和扶危济困三个方向开展工作,——,否,——,——,——,——,——,是,新浪财经、新闻、爱企查、MSN、网易,是,是,——
312,北京慈弘慈善基金会,1,0,0,2010年,——,理事长：赵静，秘书长：庄伟,——,——,北京市,非营利性社会团体,——,——,——,——,使命是支持乡村教育发展，促进儿童健康成长，为理性公益搭建专业化服务平台，其愿景是“以专业汇聚伙伴，以陪伴传递善意”,——,否,——,——,——,——,——,是,微信公众号、官网、爱企查、新闻公益时报网,是,是,——
313,北京市新阳光慈善基金会,1,0,0,2009年,2018年,理事长​、秘书长：刘正琛,——,——,北京市,公募基金会,——,——,——,——,愿景​：做透明有效公益，为更公平更美好的社会而行动。​宗旨​：用爱自己的心去爱别人。​战略​：通过患者（Patient）、医生（Physician）、公众（Public）、政策（Policy）、增能（emPower）五个方面协同，全面抗击白血病等重大疾病。​,设立理事会、监事会、秘书处,否,致力于全球癌症综合控制等医疗公益事业,北京新阳光慈善基金会和世界卫生组织总部签署“全球癌症综合控制倡议”协议、阳光骨髓库国际合作等、新冠疫情国际援助项目​,美国、伊朗、塞尔维亚、阿富汗、英国、印度尼西亚、泰国、美国、德国、西班牙、意大利、南非、发展中国家,阳光骨髓库为患者提供造血干细胞捐赠服务、与世界卫生组织合作推动癌症综合控制政策、技术评估、捐赠物资,直接和间接服务,否,微信公众号、官网、新闻、企查查、中国发展简报,是,是,海外项目
314,北京对外友好交流促进会,1,0,0,1990年,——,会长​：崔述强，常务副会长​：赵宏生，秘书长​：高志勇,——,——,北京市,非营利性社会组织,——,——,——,——,宗旨​：增进北京人民同世界各国、各地区人民之间的了解和友谊，促进相互经济、社会、文化、科技和教育等方面的交流与合作，目标​：通过民间友好交流，推动国际合作与发展，传播中国文化，增进国际友谊,——,否,通过民间友好交流，推动国际合作与发展，传播中国文化，增进国际友谊,中澳商业论坛​、技术标准推广活动​、中国社会工作学术研究提升计划​、绿色、低碳、可持续发展理念工作坊​、北京国际民间友好论坛​,美国、英国、 澳大利亚等,举办论坛、推广活动、学术研究与出版,直接和间接服务,是,爱企查、北京市人民政府网站、新闻、官网、财经新闻,是,是,海外交流访问
315,北京丝绸之路合作与发展促进会,1,0,0,2018年,——,会长​：董少鹏，监事长​：李鸣泉，秘书长​：巫碧琇,——,——,北京市,非营利性社会组织,——,——,——,——,宗旨​：服务“一带一路”国际合作，开展相关理论研究、文化交流、产业金融合作，目标​：发挥首都北京的国际交往中心优势、金融资源优势、专业人才优势，促进北京与“一带一路”沿线国家深化交流合作,——,否,促进北京与“一带一路”沿线国家深化交流合作,丝路青年梦想汇​、中国朋友圈​、丝路美食嘉年华​、碳中和国际实践大会​,“一带一路”沿线国家,访谈活动、举办活动,直接服务,是,爱企查、百度、官网、财经新闻,是,是,海外项目
316,北京融商“一带一路”法律与商事服务中心,1,0,0,2016年,——,理事长​：王丽,秘书长​：贾辉,——,北京市,民办非企业单位,——,——,——,——,宗旨​：依托“一带一路服务机制”，创建“一带一路国际商事调解中心”，为企业提供跨境专业服务，助力企业“走出去”，目标​：构建国际一流法律商事服务体系，为境内外企业提供全生命周期的法商融合国际商贸服务支持,——,否,对标“一带一路”服务需求，为企业提供服务保障,“一带一路”国际商事调解中心​、“一带一路”服务能力建设论坛​、CBD国际融商服务中心​,全球40多个国家和地区,调解服务、法律查明、合规咨询、举办论坛、项目对接融资等,直接和间接服务,否,爱企查、中国一带一路网、官网、新闻,是,是,海外项目
317,北京师范大学国际NGO与基金会研究中心,1,0,0,2016年,2017年,杨丽,执行主任：游斐,——,北京市,高校研究机构,——,——,——,——,研究国际NGO与基金会的发展趋势和实践经验，推动中国社会组织的国际化发展；促进非营利教育、社会组织法、社会企业、社会治理与社会创新等领域的研究与实践,主任、执行主任、研究人员,否,——,参与了欧盟的International Comparative Social Enterprise Models (ICSEM)等国际项目、国际会议与交流​、,美国、日本、新加坡、德国、芬兰、瑞典、意大利等,参与国际项目、参加学术会议、分享中国案例,直接和间接服务,否, 中国发展简报、百度、官网、新闻,是,否（2023）,海外项目
318,古道兰亭艺术馆,1,0,0,2018年,2023年,馆长​：强博，理事长​：梅钰,——,——,北京市,民办非企业单位,——,——,——,——,古道兰亭艺术馆致力于弘扬中国传统文化，通过书画艺术展览、文化交流活动等形式，推动文化艺术的传承与发展,最高权力机构​：理事会，执行机构​：馆长负责日常运营，其他部门​：策展部、文化交流部等,否,致力于推广国际合作,2024丝路画语艺术展​ ​、2023丝路画语艺术展​ ​,塞尔维亚贝尔格莱德、马尔代夫马累 ,书画展览、文化交流,直接服务,是,百科、新闻、爱企查、中国新闻网,是,是,海外项目
319,天津市人民对外友好协会,1,0,0,1984年,——,会长​：张玲，副会长​：栾建章、黄春艳，名誉会长​：冯骥才，,秘书长​：董英明,——,天津市,非营利性社会团体,——,——,——,——,天津市人民对外友好协会以增进天津市人民同世界各国人民之间的了解和友谊，推动国际交流与合作，维护世界和平、促进共同发展为宗旨。其工作宗旨是执行国家和平外交任务，积极拓展国际交流渠道，服务天津对外开放和经济社会高质量发展，服务高质量共建“一带一路”，服务推动构建人类命运共同体,——,否,致力于推广国际合作,与日本冈山日中友好协会的合作​、与西班牙中国友好协会的合作​、与美国俄勒冈州—中国理事会的合作、与韩国釜山国际交流财团的合作​、与南非中国友好协会的合作​、与环渤海省区市对外友协交流合作机制​,西班牙、美国、日本、韩国、南非等国,推动合作、举办论坛,直接和间接服务,是,官网、百度、中国日报、天津市人民政府外事办公室、中国政府网,是,是,海外交流访问
320,河北省红十字会,1,0,0,1956年,2003年,会长​：赵大春，党组书记、常务副会长​：李林龙,党组成员、副会长兼秘书长​：任献强,——,河北省石家庄市,非营利性社会团体,——,——,——,——,河北省红十字会秉承“人道、博爱、奉献”的红十字精神，致力于保护人的生命和健康，维护人的尊严，促进和平与进步,最高权力机构​：会员大会，执行机构​：理事会，监督机构​：监事会，办事机构​：秘书处,否,致力于推广国际合作,2003年访问韩国庆尚北道赤十字社​、中韩红十字国际交流和中韩红十字青少年国际交流活动、境外培训项目、国际遗体捐献工作考察项目​,韩国、比利时、美国、西班牙、瑞士等,在备灾救灾、红十字青少年工作等方面达成初步合作意向,直接服务,是,百度、官网（基金会）、爱企查、中国红十字会、网易,是,是,海外项目
321,河北省残疾人联合会,1,0,0,1988年,2014年,党组书记、理事长​：史建伟，党组副书记、副理事长​：王晓栋,党组成员、副理事长​：刘永琪、侯斯,——,河北省石家庄市,非营利性社会团体,——,——,——,——,代表残疾人共同利益，维护残疾人合法权益；弘扬人道主义，宣传残疾人事业，沟通政府、社会与残疾人之间的联系；开展残疾人康复、教育、劳动就业、扶贫、文化、体育等工作，扶助残疾人平等参与社会生活,设有主席团，理事会，内设部门：办公室、维权部、组织联络部、康复部、教育就业部、计划财务部、机关党委（人事部）,否,致力于推广国际合作,彩虹计划——国际残疾人康复技术交流与合作项目,荷兰,邀请荷兰艾文思大学专家教授授课，传授残疾人康复管理、脑瘫、智障、孤独症等康复服务经验,直接服务,是,知乎、百度、官网、企查查、河北日报,是,是,海外项目
322,河北吴桥杂技艺术学校,1,0,0,1985年,2002年,常务副校长​：齐志义,——,——,河北省,中等专业艺术学校,——,——,——,——,校训​：尚德精艺，创新超越。​办学理念​：立足河北、辐射全国、放眼世界，建一流名校；立德树人、技艺精湛、善思善行，出一流人才；守正创新、追求卓越、打造经典，创一流精品。​办学目标​：建一流名校，出一流人才，创一流精品,——,否,致力于推广国际合作,中国吴桥国际杂技艺术培训中心​、2024年非洲留学生培训项目​,非洲、欧亚、肯尼亚、埃塞俄比亚、塞拉利昂等,提供培训,直接服务,是,微信公众号、网易、官网、新闻,是,是,海外项目
323,河北环保联合会,1,0,0,2006年,2014年,会长​：胡晓波,名誉会长​：姬振海,——,河北省石家庄市,非营利性社会团体,——,——,——,——,发挥政府与社会之间的桥梁和纽带作用，组织和协调各方面的社会资源，共同参与环境事业，协助政府实施可持续发展战略，维护公众环境权益，实现河北生态环境保护目标，促进环境事业的进步与发展,——,否,致力于推广国际合作,引智共建蓝天计划​、中国（河北）-韩国生态环境产业对接交流会​,韩国、美国、匈牙利,引进国外先进环保技术、交流合作,直接服务,是,企查查、招聘网、官网、百度、新闻,是,否（2023）,海外项目
324,河北省教育文化国际交流与合作协会,1,0,0,2009年,——,会长​：翟海魂,常务副会长​：侯建国,——,河北省石家庄市,非营利性社会团体,——,——,——,——,推动河北省教育界同国外的交流与合作，促进教育事业的改革和发展，增进了解和友谊,最高权力机构​：会员大会，执行机构​：理事会，办事机构​：秘书处,否,致力于推广国际合作,阿塞拜疆环境保护与绿色经济发展研修班​、与韩国高校的合作项目​,韩国、阿塞拜疆,分享案例、协调学习,直接服务,是,河北科技大学、官网、百度、新闻、各大学国际交流部,是,是,海外项目
325,河北冀商商会,1,0,0,2014年,2019年,会长​：董跃中，常务副会长​：程许然、兰志合、梁小亭、阎卫明、张振奇、左权,副会长​：安亮、陈叶、陈立志、杜敬亮、韩子超、胡鑫、宁占堂、石玉忠、王丹、王纪堂、魏朋飞、闫福、杨钰峰、昝利辉、甄雷肖，秘书长​：易耀，监事会主席​：高昆仑,——,河北省石家庄市,非营利性社会组织,——,——,——,——,河北省冀商商会以凝聚整合冀商力量为己任，以服务会员企业、服务河北经济为宗旨，坚持创新开放、共建共享、整合赋能、联盟进取的发展理念，致力于将单体的冀商企业优势转化为群体优势，将冀商的群体优势服务于企业发展，为企业与政府之间建立沟通协作的通道，为企业在国内外发展搭建安全互信的桥梁，为全球冀商创建资源共享、协同发展、互利共赢的平台,——,否,——,与马来西亚一带一路发展总商会（MODCC）合作项目、美国加州河北商会和硅谷创新中心合作项目、澳大利亚商务考察与合作项目、第十二届海内外冀商商协会联席会议、华商&冀商澳大利亚商务考察之旅​、第三届世界冀商大会​,马来西亚、美国、澳大利亚,举办展览、落实项目、投资,直接和间接服务,是,官网、新闻、爱企查、湖北省人民政府门户网站,是,是,海外项目
326,山西省海外交流协会（山西省海外联谊会）,1,0,0,——,2019年,山西省侨联党组书记、主席​：王进仁,——,——,山西省,非营利性社会组织,——,——,——,——,"宗旨是：广泛联系海外华侨、华人、港澳同胞、其他各界人士及其团体, 增进友好情谊，推进合作交流，为促进我省经济社会发展、祖国和平统一、世界和平友好作出贡献",——,否,——,山西省与西班牙经贸合作交流会​、山西省与西班牙（巴塞罗那）经贸合作交流会​、山西省省情推介暨经贸交流会​、山西品牌丝路行​,西班牙、澳大利亚、新西兰等,组织经贸合作交流会，推动项目签约、组织经贸合作交流会，推动项目签约,直接和间接服务,是,百度、新闻、中国新闻网,是,是,海外交流访问
327,山西省煤炭工业协会,1,0,0,1993年,——,法定代表人​：何明耀，理事长​：翟红，副理事长​：王玉宝、何明耀,——,——,山西省,非营利性社会组织,——,——,——,——,协会以“协调、协商、协作、协助、自律、监督、服务”为宗旨，致力于推动煤炭行业的绿色转型、智能化建设、安全高效生产等，为会员单位和政府提供服务,——,否,——,中蒙政府间国际科技创新合作专项“多源固废耦合制备生态修复材料的研究与示范”项目​、中捷政府间国际科技创新合作专项“盐碱地经济作物绿色高效生产关键技术研发与示范”项目​、2025中国（山西）—哈萨克斯坦（阿克托别州）投资与贸易合作论坛​,哈萨克斯坦、捷克、蒙古,举办论坛、交流技术,直接和间接服务,是,官网、新闻、山西省科学技术协会、财经新闻、爱企查,是,是,海外项目
328,三晋文化研究会,1,0,0,1988年,——,首任会长​：赵雨亭，继任会长​：李玉明、刘泽民、李俊明,——,——,山西省太原市,非营利性社会组织,——,——,——,——,宗旨是团结和组织有志于研究三晋文化的人士，积极开展三晋文化的学术研究和交流活动,——,否,——,——,——,——,——,是,今日头条、微信公众号、中国新闻网、晋中新闻网,是,是,——
329,山西省钢铁行业协会,1,0,0,7/1/2007,2006年,会长​：李华，常务副会长​：谢力，副会长​：魏国栋、袁玉平、张天福、李强、程向前、张锐、李猛、祝锋亮、白灵宝，秘书长​：祝锋亮,——,——,山西省太原市,非营利性社会团体,——,——,——,——,以党的路线、方针、政策为指导，遵守中华人民共和国宪法、法律、法规和政策，坚持以服务会员、服务行业、服务国家、服务社会为宗旨，履行行业代表、行业协调、行业自律、行业维权、行业监督等职能，努力发挥在政府和企事业单位之间的桥梁纽带作用，推动山西省钢铁工业持续、健康、协调、绿色发展，为促进山西高质量转型发展作出贡献,会长、常务副会长、副会长、秘书长、常务理事、会员单位,否,推动山西省钢铁工业持续、健康、协调、绿色发展，为促进山西高质量转型发展作出贡献,太钢最大海外投资土耳其铬矿项目​、省内钢企联合赴海外采购铁矿石​,土耳其,采购铁矿石、开采铬矿,直接服务,否, 官网、新闻、百度、爱企查、山西省人民政府,是,是,海外项目
330,老牛基金会,1,0,0,2004年,2010年,荣誉会长​：牛根生，理事长​、秘书长​：雷永胜,——,——,内蒙古自治区,非公募家族基金会,——,——,——,——,以“渡人渡己，心怀感恩；树人树木，责任天下”为宗旨；以“教育立民族之本、环境立生存之本、公益立社会之本”为使命,下设理事会、监事会、秘书处、项目部、财务部,否,依托“环境保护”和“文化教育”两大领域，探索“公益全球化、项目国际化”的慈善之路,内蒙古盛乐国际生态示范区、儿童探索博物馆项目​、国际公益学院​,美国、加拿大、法国、丹麦、尼泊尔、非洲,生态环境改善、儿童早期教育、公益人才培养,直接服务,是,百度、天眼查、官网、新闻,是,是,海外项目
331,内蒙古品牌促进会,1,0,0,2006年,2007年,会长​：刘彦辰，名誉会长​：陈瑞清，顾问委员会主任​：肖黎声,——,——,呼和浩特市,非营利性社会团体,——,——,——,——,贯彻落实国家及自治区党委、政府的质量品牌战略，积极推进企业品牌化发展，树立企业经营者品牌经济意识，用品牌经济的发展思维推动自治区经济高质量发展,下设一会一处：常务理事会、秘书处,否,——,被“中国民间组织国际交流促进会”吸纳为团体会员，享有联合国经社理事会全面咨商地位,——,——,——,是,天眼查、新闻、官网、百度、全国团体标准信息平台,是,是,海外交流访问
332,内蒙古农牧业产业化龙头企业协会,1,0,0,2013年,2013年,会长为周勇，执行会长为林永亮,——,——,呼和浩特市,非营利性社会团体,——,——,——,——,协会以“沟通、服务、自律、发展”为宗旨，致力于推动农牧业产业化发展，促进企业与政府之间的沟通协调，提升行业整体水平,下设综合办事机构、国内办事处、国外办事处、行业分会、专业委员会,是,协会致力于加强与国外相关组织、企业的友好联系，开展对外经济技术合作与交流,国际向日葵大会​、海外种植基地和营销中心建设​、中蒙国际科技合作专项​、中蒙兽用天然药物资源挖掘与新药创制合作研究​、中蒙抗逆、优质、丰产大麦新品种选育及产业化应用​、敕勒川国际草业大会​,蒙古国、俄罗斯、匈牙利、奥地利、白俄罗斯,组织企业参与国际展会、提供国际市场信息,直接和间接服务,是,百度、中国发展网、官网、新闻、企查查,是,是,海外项目
333,内蒙古自治区建筑业协会,1,0,0,1987年,——,法定代表人为韩平,综合办公室负责人吴亚轩,——,呼和浩特市,非营利性社会团体,——,——,——,——,协会以“服务国家、服务社会、服务行业、服务会员”为宗旨，以企业和社会的满意为标准，以会员需求为导向，坚持打基础与谋发展、高质量与高效率、办实事与重实效的统一,——,否,——,——,——,——,——,是, 官网、企查查、百度、新闻、内蒙古自治区住房和城乡建设厅网站,是,是,——
334,内蒙古医药商会,1,0,0,2008年,2024年,会长：王岩山，法定代表人：谭明涛,秘书长为高玉玲,——,呼和浩特市,非营利性社会团体,——,——,——,——,内蒙古医药商会立足于全区的医药行业和健康产业发展，引导会员企业抓机遇、谋发展、促转型，并创新服务方式，注重服务效果，有效发挥了桥梁纽带和助手作用,——,否,积极参与国际交流与合作，推动医药产业发展,中俄蒙工商论坛经贸项目洽谈会,蒙古国、俄罗斯,组织企业参加国际会议,直接服务,是,官网、知乎、新闻、网易、爱企查,是,是,海外交流访问
335,内蒙古工艺美术协会,1,0,0,2006年,——,会长为包国庆,副会长：贾继恩、武建林等，秘书长：闫占军,——,呼和浩特市,非营利性社会团体,——,——,——,——,内蒙古工艺美术协会致力于弘扬工匠精神，传承和创新内蒙古传统工艺美术，推动工艺美术与现代科技、文化旅游等产业的深度融合，赋能区域文化经济高质量发展,设立理事会、秘书处、专业委员会,否,——,——,——,——,——,是,中国政府网、官网、百度、中投网、天眼查、新闻,是,是,——
336,何氏眼科医学院,1,0,0,1999年,2019年,创始人：何伟​、何向东，秘书长：闫占军​,——,民营股份制企业（已上市）,辽宁省,——,——,——,——,——,以“梦想、感恩、学问、坚毅、结果”为校训，坚持“一切为了学生”的办学理念,设立辽宁何氏医学院、何氏眼科集团,否,通过国际合作提升眼健康服务能力，推动防盲治盲工作国际化,中非眼健康发展论坛​、巴基斯坦儿童青少年眼健康综合项目​、“一带一路”国家眼科医生培训班​、中国—拉美眼科机构发展合作论坛​、商务部援外培训项目​、“墨子工坊”项目​等,乌干达、尼日利亚、埃塞俄比亚、巴基斯坦,培训、技术引进、技术支持、人才培养,直接和间接服务,是,微信公众号、百度、官网（辽宁）、丁香网、新闻,是,是,海外项目
337,吉林省文化企业商会,1,0,0,2015年,2021年,会长​：邱壮，秘书长​：陈春生,常务会长​：郑立国，副会长​：闫志画,——,吉林省长春市,非营利性社会组织,——,——,——,——,以“信息共享、资源配置、协同发展”为原则，建立省级文化产业交流合作平台，促进文化产业健康发展,——,否,致力于推动国际合作,“缤纷四季·精彩吉林”欧洲文化旅游交流推广活动​、中匈电影产业合作​、吉林动画学院与丝绸之路国际总商会合作​等,匈牙利、瑞士、西班牙等,签署协议、联合制作电影、文化交流与推广,直接和间接服务,否,吉林省文化和旅游厅、天眼查、官网、长春建筑学院、百度、新闻,是,是,海外交流访问
338,黑龙江省对俄文化交流协会,1,0,0,2010年,2010年,法定代表人​：张学奎，会长​：黃素英,——,——,黑龙江省哈尔滨市,非营利性社会团体,——,——,——,——,通过文化交流活动，促进中俄两国之间的文化合作与民心相通，推动黑龙江省成为对俄文化交流的重要桥头堡,——,否,——,中俄文化大集、中俄文化艺术交流周​、中俄文化创意产业中心​、中俄地方文化艺术季​,俄罗斯,"中俄青少年文化艺术交流、文艺演出、艺术展览等

",直接和间接服务,是（具有一定官方背景）, 百度、新闻、东北网、黑龙江省文化和旅游厅、中共中央社会工作部,是,是,海外项目
339,黑龙江省女创业者协会,1,0,0,2012年,2024年,会长​：张成莲，法定代表人​：张成莲,——,——,黑龙江省哈尔滨市,非营利性社会团体,——,——,——,——,组织理念​：全心全意为女创业者服务，为振兴中华而努力奋斗；服务宗旨​：互帮互助，共享共赢；信念​：创业、创新、创优,——,否,——,对俄经贸交流项目​、“一带一路”跨境电商平台合作​,俄罗斯,带领女企业家“走出去”，寻求更大市场、更多机遇,直接和间接服务,是, 界面新闻、黑龙江新闻、招聘网、官网、百度,是,是,海外项目
340,黑龙江省慈善总会（现更名为黑龙江省慈善联合总会）,1,0,0,1995年,2022年,法定代表人：孟丽君,——,——,黑龙江省哈尔滨市,非营利性社会团体,——,——,——,——,组织理念​：发扬人道主义精神，弘扬中华民族传统美德，帮助社会上不幸的个人和困难群体，开展多种形式的社会救助工作；宗旨​：面向社会，以社会救助为中心，倡导“以人为本，慈善为怀”的社会互助精神,最高权力机构​：会员代表大会。​执行机构​：理事会。​下设部门​：办公室、外联宣传部、项目部、筹募部、志愿者工作部,否,——,国际赠药项目​、与美国LDS慈善协会合作项目​,美国等,药品援助、物资捐赠,直接服务,是,微信公众号、官网、爱企查、百度、新闻、黑龙江省人民政府网,是,是,海外项目
341,上海市人民对外友好协会,1,0,0,1956年,2017年,会长​：陈靖，副会长​：景莹,常务副会长​：汪小澍,——,上海市,非营利性社会团体,——,——,——,——,组织理念​：增进上海人民同世界各国人民之间的了解和友谊，推动互利互惠的交流与合作，维护世界和平，促进共同发展；宗旨​：以增进不同文明间的了解、播撒中外民间的友谊、传递和平友善的信念为使命,最高权力机构​：会员代表大会。​执行机构​：理事会。​下设部门​：办公室、外联宣传部、项目部、筹募部、志愿者工作部,否,通过民间外交促进国际友好交流，增进不同文明间的了解,“上海公报”发表50周年纪念活动​、与上海美国商会交流活动​、青少年交流项目​、国际友好城市合作项目​,美国、日本、韩国、澳大利亚等,视频交流、物资捐赠、组织活动、文化交流与推广、项目合作、资源共享,直接和间接服务,是,百度、新闻、上海市政府、爱企查、官网（上海市人民政府外事办公室）,是,是,海外项目
342,上海市妇女联合会,1,0,0,1950年,2023年,会长​：张华，副会长​：翁文磊、孙美娥、刘琪、葛影敏,——,——,上海市,非营利性社会团体,——,——,——,——,组织理念​：代表和维护妇女权益，促进男女平等，增强政治性、先进性、群众性，围绕市委和市政府中心工作，发挥妇女“半边天”作用；宗旨​：增进家庭幸福和社会和谐，全面推进家庭家教家风建设,最高权力机构​：上海市妇女代表大会，执行机构​：市妇联执行委员会，内设部门​：​办公室​、组织部​、宣传与网络工作部​、权益保障部​、发展联络部​、家庭儿童部,否,通过与国际妇女组织的友好交流与合作，开发国际合作资源，争取和执行国际合作项目,国际妇女组织交流项目​、“洋太太看上海”活动​等,——,交流活动，文化交流与推广,直接和间接服务,是,百度、中国新闻网、新闻、上海市政府,是,是,海外项目
343,上海市科学技术协会,1,0,0,1958年,——,主席​：张杰,——,——,上海市,非营利性社会团体,——,——,——,——,上海市科学技术协会是中国共产党和政府联系科学技术工作者的桥梁和纽带，是上海市推动科学技术事业发展的重要社会力量。其宗旨是团结和动员科学技术工作者以经济建设为中心，推动实施科教兴市战略、人才强市战略和可持续发展战略，促进科学技术的繁荣和发展,最高权力机构​：上海市科学技术协会代表大会，执行机构​：市科协委员会，内设部门​：​科学技术普及部、学会服务中心，直属单位​：​上海市电力行业科学技术协会,否,深化与主要创新国家科技组织的交流合作，擦亮“国际科技会客厅”品牌,第四届欧洲论坛​、热那亚科技节​、“飞翔计划”​,奥地利、匈牙利、意大利等,参加科技节交流合作、参加论坛,直接服务,是,微信公众号、百度、知乎、上海科技网、官网、新闻,是,是,海外项目
344,上海市国际贸易促进委员会,1,0,0,1956年,1956年,会长​：杨建荣，副会长​：王烈、李志刚、余晨，秘书长​：赵建东,——,——,上海市,非营利性社会团体,——,——,——,——,组织理念​：促进上海与世界各国、各地区之间的贸易、投资和经济技术合作，增进相互了解与友谊；宗旨​：服务国家经济和外交战略，推动上海的整体发展,最高权力机构​：上海市贸促会会员大会，执行机构​：会长、副会长、秘书长，内设部门​：​国际联络部、国际展览部、法律事务部（中国贸促会上海调解中心）、出证认证部、研究与信息部、组织人事部、财务管理部（投资管理部）、党群工作部、办公室,否,作为“非政府经济大使”，致力于促进国际经济合作，推动开放型世界经济和人类命运共同体建设,国际展览项目​、国际联络与合作项目​、法律仲裁服务​、大阪世博会中国馆项目,日本、美国、韩国等,组织展览、建立联系促进合作,直接和间接服务,是,百度、官网、新闻、爱企查、中国新闻网、上海市政府,是,是,海外项目
345,上海市华侨事业发展基金会,1,0,0,2006年,2015年,理事长​：裘菲立,——,——,上海市,非营利性社会团体,——,——,——,——,继承和发扬侨胞热心祖国慈善事业的优良传统，推动海内外侨界人士及社会各界所关心的各项公益慈善事业的发展；使命愿景​：推动海内外侨界人士及社会各界所关心的各项公益慈善事业的发展,下设理事会、秘书处,否,开展国际间合作交流，促进海内外侨胞公益事业的交流与合作,“丝路沿线民间组织合作网络”项目​、国际文化交流项目​,“一带一路”沿线国家等,文化交流与促进,间接服务,是,百度、中国新闻网、新闻、招聘网、官网,是,是,海外项目
346,上海市慈善基金会,1,0,0,1994年,1996年,理事长​：钟燕群,秘书长​：肖堃涛,——,上海市,非营利性公益组织,——,——,——,——,依靠社会办慈善，办好慈善为社会；宗旨​：安老、扶幼、助学、济困,"最高权力机构​：理事会；执行机构​：理事长、副理事长、秘书长；内设部门​：​募捐委员会、救助委员会、宣传文化委员会、资产管理委员会、筹款工作部、对外联络部、慈善物资管理中心、医疗工作部、慈善教育培训中心、宣传文化部、《至爱》杂志社、慈善事业发展研究中心、资产管理部；直属机构​：众仁服务中心

",否,与国际接轨，开展国际交流与合作,国际友人捐资助学项目​、泰瑞·福克斯癌症研究专项基金​,美国、英国、新加坡、瑞士、意大利、澳大利亚、加拿大、德国、日本等,举办活动，筹集资金,直接服务,是,爱企查、百度、新闻、财经新闻、上海市民政局、上海市政府、官网,是,是,海外项目
347,上海真爱梦想公益基金会,1,0,0,2008年,,理事长​：潘江雪，秘书长​：胡斌,——,——,上海市,非营利性社会团体,——,——,——,——,发展素养教育，促进终身成长，推动社会进步,最高权力机构​：理事会，执行机构​：理事长、副理事长、秘书长，内设部门​：​战略发展委员会、基金发展委员会、审计与合规委员会、人力资源与薪酬委员会、投资管理委员会、课程评审与教师发展委员会,否,——,——,——,——,——,否,微信公众号、爱企查、百度、官网、上海市政府,是,是,——
348,世界运河历史文化城市合作组织（运河城市模联大会）,1,0,0,2009年,2019年,主席​：张宝娟，秘书长​：邓清,——,——,江苏省,非营利性国际组织,——,——,——,——,以运河为纽带，促进运河城市间经济文化交流，共享发展经验，推动互利合作，促进运河城市共同发展和繁荣,设立理事会、秘书处,否,通过国际合作促进运河城市可持续发展, 国际运河城市文化旅游精品展​、国际运河城市论坛​、世界运河城市精品景区合作机制（CCSC）​、印尼运河合作项目​,印度等,组织展览、举办论坛、合作开发、签署协议,直接服务,是,微信公众、网易、爱企查、央广网、官网、新闻,是,是,海外项目
349,南京市爱之光公益发展中心,1,0,0,2012年,2013年,法人代表​：代贤伟,——,——,南京市,民办非企业单位,——,——,——,——,帮助每一个人对自己的健康更负责任；价值观​：尊重生命、追求健康、崇尚美好；使命​：通过青年人从事乡村教育、空巢老人陪伴、贫困儿童助学等公益活动，践行鼓励青年人参与公益，引领青年人的公益精神风貌，实现青年人自我成长、培养社会责任感,——,否,——,英国领事馆文化教育处社会投资平台项目​、英国大使馆社会企业家技能培训​, 英国,项目申请与实施、培训参与,直接服务,是,新闻、官网、百度、爱企查、招聘网、中国发展简报,是,是,海外项目
350,浙江省科学技术协会,1,0,0,10/1/1958,2022年,主席​：姒健敏，党组书记、副主席​：吴晓东，党组副书记、副主席​：胥伟华,——,——,浙江省杭州市,非营利性社会团体,——,——,——,——,坚持以马克思列宁主义、毛泽东思想、邓小平理论、“三个代表”重要思想、科学发展观、习近平新时代中国特色社会主义思想为指导，团结和动员科学技术工作者以经济建设为中心，推动实施科教兴国战略、人才强国战略和可持续发展战略,最高权力机构​：浙江省科学技术协会全省代表大会；执行机构​：主席、副主席、秘书长；内设部门​：​办公室、组织人事部、学会部、科普部、宣传调研部、机关党委；直属事业单位​：​国际民间科技交流中心、科技教育中心、科技馆、科技咨询中心、信息中心、综合服务中心、《科学24小时》杂志社,否,积极开展国际民间科技交流，推动国际科学技术合作,国际医学合作项目​、国际学术活动​、海外高层次人才引进计划​,美国、英国、德国、挪威、日本等,参与国际性学术活动、开展临床科研合作、引进人才,直接和间接服务,是,百科、爱企查、新闻、官网、大众科技网,是,是,海外项目
351,浙江省人民对外友好协会,1,0,0,1956年,2022年,会长​：陈奕君，专职副会长​：陈艳勤,——,——,浙江省杭州市,非营利性社会团体,——,——,——,——,坚持以习近平新时代中国特色社会主义思想特别是习近平外交思想为指导，高举和平、发展、合作、共赢旗帜，致力于推动构建人类命运共同体,设立理事会和办公室,否,积极开展国际民间友好工作，增进浙江省人民与世界各国人民之间的相互了解和友谊,中非未来领袖数字合作座谈会​、与德国德中协会浙江联络处合作项目​、中韩文化交流项目​、国际青少年交流项目​等,加拿大、韩国、德国、非洲,组织座谈会，合作交流，组织展览和论坛,直接服务,是,百度、境外非政府组织办事服务平台、浙江省人民政府门户网站、中国人民对外友好协会、新闻,是,是,海外项目
352,卓明灾害信息服务中心,1,0,0,4/1/2010,4/1/2015,创始人​、负责人：郝南,——,——,浙江省湖州市,民办非企业单位,——,——,——,——,组织理念​：推动行业发展，提高救灾效率；宗旨​：一切为了灾民；愿景​：科学救灾，有序发展,——,否,科学救灾，有序发展,尼泊尔地震救援项目​、厄瓜多尔地震救援项目​,尼泊尔、厄瓜多尔,应急救灾、信息支持,直接和间接服务,否,观察者网、新闻、财经新闻、腾讯网、社会企业服务平台、官网,是,是,海外项目
353,安徽中俄合作交流促进中心,1,0,0,2014年,2013年,主任​：戴建华,执行秘书长​：高涛，联络部部长​：江峥,——,安徽省合肥市,民办非企业单位,——,——,——,——,绕国家“一带一路”倡议，利用中心自身优势，促进皖俄间经贸、企业家互动、招商引资、人才交流等服务,——,否,促进中俄科技交流与合作，增进中俄科技工作者之间的友谊与了解,中俄“长江—伏尔加河”青年论坛​、俄罗斯高等教育巡回展（安徽站）​、中俄科技交流与合作项目​、中俄经贸合作项目​,俄罗斯,组织活动提供平台、签署协议、技术支持、组织论坛,直接和间接服务,是,官网、爱企查、新闻、 北京俄罗斯文化中心、新浪财经、中国新闻网,是,是,海外项目
354,安徽省光学学会,1,0,0,1980年,2022年,理事长​：刘文清，秘书长​：谢品华,执行秘书长​：伍德侠,——,安徽省合肥市,非营利性社会学术团体,——,——,——,——,以习近平新时代中国特色社会主义思想为统领，遵守国家宪法、法律、法规和国家政策，践行社会主义核心价值观，遵守社会道德风尚,最高权力机构​：会员代表大会；执行机构​：理事会、常务理事会；内设部门​：​学术工作委员会、科普工作委员会、青年工作委员会；专业委员会​：​光物理与光化学、光电子技术与光信息、大气与环境光学、激光技术、生物医学光子学、工业机器视觉与LED照明光学、光子科技产业、微纳光学、光学教育,否,——,与欧盟“玛丽·居里学者”基金合作、中欧龙计划国际合作项目​、光通信和光学信息处理国际学术会议（OCOIP2025）​,澳大利亚、瑞典、欧盟等国家,提供技术支持、进行项目合作，推动交流合作,直接和间接服务,否,安徽省民政厅、官网、新闻、百度,是,是,海外项目
355,安徽省循环经济研究院(“一带一路”循环经济产业联盟),1,0,0,2011年,2019年,名誉院长​：成思危，院长​：季昆森，法人代表​：鲁强,——,——,安徽省合肥市,民办非企业单位,——,——,——,——,坚持自主创新，注重实践、应用和解决实际问题，为政府决策、企业、基层、全民创业和合作对象服务,最高权力机构​：理事会；执行机构​：院长、副院长；内设部门​：​工业循环经济研发中心、农业循环经济研发中心、区域循环经济研究中心、循环经济产业服务中心、新农村建设研发中心、微生物产业研发中心、砂产业研发中心、物联网与信息化研发中心,否,致力于推动国际合作,“中巴经济走廊”论坛​、“一带一路”循环经济产业联盟​,巴基斯坦、“一带一路”沿线国家,出席论坛交流、提供技术支持与合作,直接和间接服务,是,微信公众号、企查查、中国科学院合肥物质科学研究院、百度、官网、新闻,是,是,海外交流访问
356,马鞍山市朗诵演讲学会,1,0,0,2005年,2021年,主席​：胡萍，副主席​：陈晓燕,——,——,安徽省马鞍山市,非营利性社会团体,——,——,——,——,通过开展诗歌创作与朗诵交流、研讨，举办朗诵、演讲比赛和培训等活动，推动文化传承与交流,下设会员代表大会、理事会,否,通过开展诗歌创作与朗诵交流、研讨，举办朗诵、演讲比赛和培训等活动，推动文化传承与交流,“云上中日吟诗交流大会”​、中日友好城市文化交流​,日本,组织交流活动，文化交流与推广,直接和间接服务,是,新闻、马鞍山文明网、微博、财经新闻、天眼查,是,是,海外交流访问
357,安徽省红十字基金会,1,0,0,始建于1956年,——,理事长​：高璐，副秘书长​：崔建、赵晓伟,理事​：高璐、金晔、凡辉、崔建、赵晓伟、靳帅峰、孙典蓉，监事长​：洪虹，监事​：郁扬、贺子晗,——,安徽省合肥市,非营利性社会组织,——,——,——,——,发扬人道主义精神，保护人的生命和健康，促进人类和平进步事业,下设理事会、监事会、秘书处,否,发扬人道主义精神，保护人的生命和健康，促进人类和平进步事业,“天使之旅——‘一带一路’大病患儿人道救助计划”、“一带一路”医疗设施援助​、武装冲突地区人道援助​、国际人道救援​、中巴急救走廊项目​、海外“博爱家园”项目​、国际免费午餐项目​,阿富汗、蒙古国、孟加拉国、老挝、柬埔寨、印度尼西亚、缅甸、叙利亚伊拉克、黎巴嫩等,参与国际人道救援和开展民间外交,直接和间接服务,是,百度、天眼查、官网、 安徽医科大学、中国红十字会、新闻,是,是,海外项目
358,福建省曙光救援中心,1,0,0,2016年,2015年,总队长​：陈斌，执行总队长​：黄玲,——,——,福建省福州市,非营利性社会组织,——,——,——,——,福建省曙光救援中心秉持“做事纯粹、用心纯净、守望相助、互助友爱”的理念，致力于打造专业的民间公益救援机构,——,否,秉持“做事纯粹、用心纯净、守望相助、互助友爱”的理念，致力于打造专业的民间公益救援机构,尼泊尔地震救援行动​、厄瓜多尔地震救援行动​、缅甸果敢战争难民救助行动​、柬埔寨排雷项目​、一带一路国家联合国际救援演练​,尼泊尔、厄瓜多尔、缅甸、柬埔寨等,参与联合救灾项目,直接服务,否,新闻、福建频道、网易、百度、爱企查,是,是,海外项目
359,福建省对外友好交流促进会,1,0,0,——,2022年,会长​：宋克宁，专职副会长​：罗冠升,——,——,福建省福州市,非营利性社会组织,——,——,——,——,增进福建人民同世界各国人民之间的了解和友谊，促进相互间的交流与合作,——,否,增进福建人民同世界各国人民之间的了解和友谊，促进相互间的交流与合作,中德友好交流项目​、中日友好交流项目​、中意友好交流项目​,日本、德国、意大利,组织交流合作和展览，促进合作,直接服务,是,中国新闻网、新闻、福建省人民政府外事办公室（官网）、福建省人民政府门户网站,是,是,海外项目
360,厦门市海峡智慧旅游交流中心,1,0,0,——,2011年,宋克宁​、罗冠升​,——,——,厦门市,非营利性社会团体,——,——,——,——,——,——,否,——,海峡旅游服务中心项目​,——,"由厦门市政府主导的对台重要交流平台

",直接服务,是,百度、爱企查、厦门市思明区政府、厦门市文化和旅游局、网易、厦门网,是,是,海外项目
361,福建佛教协会,1,0,0,1958年,2024年,会长​：普法，名誉会长​：界诠,常务副会长​：则悟、本性、赵雄、向愿；副会长​：如妙、心亮、定恒、广霖、泽道、贤志、世起、修达、界象、法云、法源、法众、法一、常定、传一、空性、贤立、界空；秘书长​：黄廷荣,——,福建省福州市,非营利性社会组织,——,——,——,——,团结、带领全省佛教徒爱国爱教，拥护中国共产党的领导和社会主义制度，坚定不移走中国特色社会主义道路,下设理事会、办公室、秘书处、教务处、宣传处、院校处、佛教教育基金委员会,否,积极开展对外友好交往，促进国际佛教交流,日本、菲律宾、新加坡友好交流访问​、“中华一家 从心出发”侨僧文化交流系列活动​、海外中华禅意文化节​,新加坡、马来西亚、印尼、菲律宾、越南、印度、尼泊尔、柬埔寨、斯里兰卡、美国、加拿大、意大利、瑞士、波兰、澳大利亚、新西兰、日本、韩国,开设讲座、举办论坛促进文化传播,直接服务,是,百度、官网、佛教导航、新闻、网易、爱企查,是,是,海外交流访问
362,中华妈祖文化交流协会,1,0,0,2004年,2005年,会长​：张克辉,副会长​：林兆枢、林国良、林金榜、颜清标、蔡永常、蔡长奎；秘书长​：林金榜,——,福建省莆田市,非营利性社会组织,——,——,——,——,弘扬妈祖文化，增进海峡两岸及全球华人之间的文化交流与合作，促进妈祖文化的传承与发展,下设会员大会、理事会、秘书处,否,通过文化交流活动，促进妈祖文化在全球的传播与交流,金门信众朝拜妈祖​、台湾大甲妈祖国际观光文化节​、妈祖世界·瓷行天下陶瓷艺术作品展​、妈祖文化国际论坛​,涉及全球多个国家,举办论坛、展览，组织活动推动文化交流,直接服务,是,官网、新闻、百度、哔哩哔哩、网易、企查查、中华人民共和国文化和旅游部,是,否（2023）,海外项目
363,福建省远洋渔业发展促进会,1,0,0,2015年,——,会长​：陈泽銮，书记​：罗长祥,副会长​：鲍林,——,福建省福州市,非营利性社会团体,——,——,——,——,在政府和企业之间建立桥梁和纽带作用，积极推动福建省远洋渔业产业升级和健康有序发展,下设会员大会、理事会、秘书处,否,宣传远洋渔业政策，传播远洋渔业信息，服务企业，反映诉求，促进合作,北太平洋项目​、非洲渔业合作项目​,非洲西非国家、北太平洋公海区域,进行培训演练，开展合作项目，提供技术支持,直接和间接服务,是,官网、福建省海洋与渔业局、中国海洋发展研究中心、新闻、中国水产科学研究院,是,是,海外项目
364,福建省菌草开发工程协会,1,0,0,2/1/1996,1998年,法定代表人：林占森，会长​：林占熺,——,——,福建省三明市,非营利性社会组织,——,——,——,——,致力于菌草技术的推广与应用，包括技术交流、信息咨询服务、会员培训、人才培养、编辑书刊等,——,否,致力于菌草技术的推广与应用，包括技术交流、信息咨询服务、会员培训、人才培养、编辑书刊等,援助巴布亚新几内亚菌草技术项目​、援助斐济菌草技术示范中心​、援助卢旺达农业技术示范中心​、援助莱索托菌草技术项目​、援助厄立特里亚菌草技术项目​、与南非夸祖鲁纳塔尔省菌草技术合作项目​、与老挝、缅甸、泰国、菲律宾、马来西亚、马达加斯加等国菌草技术合作项目​、中国—联合国和平发展基金菌草技术项目​,老挝、缅甸、泰国、菲律宾、马来西亚、马达加斯加、南非、厄立特里亚、索莱托、卢旺达、斐济、巴布亚新几内亚,提供技术培训、开展示范项目,直接和间接服务,是,百科、人民网、爱企查、福州新闻网、中工网、福建农林大学,是,是,海外项目
365,福建省中药材产业协会,1,0,0,2008年,——,会长​：缪建泉；副会长​：褚克丹、林绍碧、墙世发、林兴龙、陈菁瑛、李晔、徐家雄、韩家水、连红、曾秋红、叶仄伟、毛景华,秘书长​：林忠宁,——,福建省福州市,社会团体,——,——,——,——,福建省中药材产业协会致力于推动福建省中药材产业的发展，通过制定行业标准、开展技术培训、促进产学研合作等方式，提升中药材的质量和产业竞争力,下设理事会、监事会、秘书处,否,——,——,——,——,——,是,爱企查、官网、新闻、网易、中药材天地网、中国中药协会,是,是,——
366,福清市宗鹤拳协会,1,0,0,2007年,,会长​：方长玉，副会长​：方长灿,——,——,福建省福清市,社会团体,——,——,——,——,传承、发扬、挖掘和保护宗鹤拳，并将其作为海峡两岸民间文化交流的平台,——,否,积极开展海外交流活动,海峡两岸宗鹤拳交流大会​、海外寻根拜祖交流活动​、海外武术推广活动​,日本、美国、俄罗斯,推广宗鹤拳文化，促进国际武术交流，增强文化认同感,直接和间接服务,否,新闻、百度、福清市人民政府门户网站、福清帮、商协汇,是,是,海外项目
367,福建省民办教育协会,1,0,0,2004年,——,张路 郑元鼎,张路 郑元鼎 游振平 徐定军 袁德俊等,——,福州市,非营利性社会团体,——,——,——,——,开展社会力量办学的调查研究和咨询工作 组织学术研讨与经验交流 维护会员的合法权益，为会员进行教育教学活动提供可能的服务 宣传国家有关政策方针，为领导决策当好参谋，发挥桥梁作用 加强与兄弟省市和港澳台及国际民办教育机构和研究单位的交流与合作,设立会长 副会长 秘书长 首席智库专家 常务理事单位 理事单位 会员单位,否,——,——,——,——,——,否,百度 ,是,是,——
368,福建省海峡社会组织研究院,1,0,0,2007年,——,法定代表人/院长郑桂秀 秘书长：郑孝煜,——,——,福建省福州市,民办非企业单位,——,——,——,——,以“搭建非营利组织交流平台，推动政府、企业、社会组织协同”为核心，聚焦社会组织发展研究、公益项目孵化、两岸及国际交流,下设理事会、学术委员会、秘书处,否,——,——,——,——,——,否,爱企查、微信公众号,是,是,——
369,江西省人民对外友好协会,1,0,0,1956年,——,赵慧 沈忠春,曾广福 涂安波,——,南昌市,非营利性社会团体,——,——,——,——,以“增进江西人民与世界各国人民的了解和友谊，推动国际交流与合作，维护世界和平和祖国统一，促进共同发展”为宗旨 聚焦民间外交、友城合作、人文交流,会长 副会长 秘书长 名誉会长 理事 常务理事 会员,否,依托“民间外交”特色，以“文化先行、经贸联动、民心相通”为路径，聚焦友城合作、青少年交流、扶贫经验共享，强化“红色、绿色、古色”资源国际传播,马来西亚青少年交流团 上合组织国家扶贫研修班 与马来西亚委员会一带一路合作 与美国费城交响乐团访赣交流  德国家族企业代表团考察,美国犹他州 非洲,文化参访、VR产业考察、非遗体验、青少年交流 分享中国减贫经验 搭建三语学习平台 推动经贸，教育，文旅合作 ,直接和间接服务,是,中国新闻网、中国一带一路网、爱企查、百度,是,是,海外项目
370,江西省文化企业协会,1,0,0,2014年,——,会长：陈东旭,——,——,南昌市,非营利性社会团体,——,——,——,——,为政府当好“智库”、为产业搭建“平台”、为会员提供“服务”、以改革创新精神加强自身职能建设，充分发挥政府与文化企业之间的桥梁纽带作用,会员代表大会 理事会 秘书处 专业委员会,否,——,江西海外文旅推介活动  澳大利亚“江西文化周”,马来西亚 柬埔寨 澳大利亚悉尼,旅游路线推广 文化遗产交流 非遗展示 “江西之夜”演出,直接和间接服务,是,微信公众号、百度、新闻网,是,是,海外交流访问
371,江西省针灸学会,1,0,0,1992年,-----,会长：陈日新,副会长：涂国卿 洪恩四  秘书长：康明非,——,南昌市,非营利性社会团体,——,——,——,——,推动江西省针灸医学发展 促进针灸学术交流与科研合作 推广针灸技术 在临床与健康服务中的利用,会员代表大会 理事会 专业委员会 秘书处,否,——,中突针灸合作 发展中国家针灸培训班,突尼斯  南非 尼泊尔,针灸临床治疗 法语培训 学术交流 提供热敏推拿技术培训,直接和间接服务,是,中国网、江西省中医院官网、微信公众号、百度、爱企查,是,是,海外交流访问
372,景德镇亚欧美陶艺交流中心,1,0,0,2016年,——,创始人、法人代表：金文伟,教师、共同筹建人：刘鹏、胡珺、王冠林,——,景德镇市,非营利性社会组织,——,——,——,——,响应国家“一带一路”战略，传播中华传统艺术文化，弘扬现代艺术创新精神，加强景德镇陶瓷文化的国际交流和合作，为国内外及海外留学归国人员提供交流、研究和共同学习的平台,——,否,——,《土地的回响（Echoes of the Earth)》展览,欧美洲、加拿大、美国,主要是陶艺文化的交流、展示、研讨，促进不同国家和地区陶艺家之间的和合作，推动陶瓷文化的传播和发展,直接和间接服务,否,百度、微信公众号、景德镇文明网、爱企查,是,是,海外交流访问
373,景德镇陶瓷协会,1,0,0,2012年,——,会长：邱晨阳,副理事长兼秘书长：林春杰 常务副理事长：李华,——,景德镇市,非营利性社会团体,——,——,——,——,立足研究、协调、服务、沟通、监督、发展的原则发挥联系政府与企业之间的桥梁和作用，以维护本行业会员和会员合法权益，协调会员间的关系，监督企业自觉自律，为会员服务，为振兴江西省陶瓷行业服务,会员代表大会、理事会、监事会、会长、监事长、常务副会长、秘书长、权益部、办公室（联络部、检测部、报刊网络部、财务部）,否,积极开展省内外及国际间交流和合作，不断加强与国内外陶瓷同行之间的联系与交流，致力于促进陶瓷行业的技术进步，扩大贸易往来,“景德镇制”区域品牌保护和再塑工作,——,规范市场、打击侵权等措施，提升景德镇陶瓷品牌的国际形象,间接服务,是,官网、网易、澎湃新闻、启信宝,是,是,海外交流访问
374,江西省农业国际交流协会,1,0,0,2005年,2017年,会长：熊邦云,常务会长：黄斌,——,南昌市,非营利性社会团体,——,——,——,——,积极推动我省农业与世界各国之间的科技、经济方面的民间交流合作，组织开展农业对外经贸和技术交流活动，促进农业引资引智,会员代表大会、理事会、常务理事会,否,推动江西农业界与世界各国科技、经济民间交流合作，促进农业对外开放。,中赞农业技术示范中心、江西—东盟农产品贸易促进会、非洲农业官员研修班、中以（色列）节农业合作,柬埔寨、赞比亚、越南、泰国、肯尼亚、埃塞俄比亚、以色列,水稻蔬菜种植技术培训、组织企业参展、贸易对接  农业政策与技术培训 引进滴灌技术并本土化推广,直接和间接服务,是,百度、搜狗百科、夸克、抖音,是,是,海外交流访问
375,山东省知识经济促进会,1,0,0,1998年,——,会长：林存吉,——,——,济南市,非营利性社会团体,——,——,——,——,组织学术研究和调查研究，探索知识经济的理论与实践结合,——,否,——,——,——,——,——,是,爱企查、职友集、百度、山东省民政厅,是,是,——
376,中国孔子基金会,1,0,0,1984年,1984年,名誉会长：谷牧会长：匡亚明，现任理事长：于晓明，副理事长、秘书长：国承彦,——,——,济南市,公募基金会,——,——,——,——,通过社会募集运作基金，组织和推动海内外学习、研究、传播、弘扬孔子思想、儒家学说和中国优秀传统文化的活动，为建设中华民族共有精神家园、构建和谐社会服务；为增进海内外华人团结、实现祖国统一服务；为促进世界文化交流、维护世界和平服务,——,否,通过国际交流与合作，推动儒家文化在国际舞台上的传播与交流，促进不同文化之间的对话与理解,儒家经典跨语言诵读大会、海峡两岸孔子文化春会、孔子文化世界行系列活动、孔子—亚里士多德21世纪伦理学术论坛、国外学者“齐鲁访学驻研计划”、《论语》《论语诠解》等多语种版本出版发行、“一带一路”国家《论语》译介丛书,阿拉伯、蒙古、捷克、葡萄牙、西班牙、泰国等,文化交流、学术研究、经典诵读、国际论坛、文化出版等,直接和间接服务,是,百度、新闻、中国儒学网、官网,是,是,海外项目
377,山东国际孙子兵法研究中心,1,0,0,2008年,2016年,现任主任：杨宏民，名誉主任：赵承凤,副主任兼秘书长：田兆广，副主任：韩朴明,——,济南市,非营利性社会团体,——,——,——,——,以弘扬《孙子兵法》为代表的优秀传统兵学文化为宗旨，通过学术研究、国际交流、文化推广等方式，推动《孙子兵法》的国际传播和应用,——,否,以弘扬《孙子兵法》为代表的优秀传统兵学文化为宗旨，通过学术研究、国际交流、文化推广等方式，推动《孙子兵法》的国际传播和应用,举办“孙子文化与一带一路研讨会”,伊朗,学术交流、文化推广、国际研讨会,直接和间接服务,是,中国新闻网、官网、新闻、百度、中国作家网,是,是,海外交流访问
378,山东省民间对外交流合作商会,1,0,0,2012年,2012年,会长​：于晓怡，首任会长​：张建华,——,——,青岛市,非营利性社会团体,——,——,——,——,遵循党的政策，遵守国家宪法、法律、法规，尊重社会公德，代表并维护会员的共同利益，构筑民间国际化商务平台，为山东省外向型经济的发展做出贡献,——,否,通过与各国议会、商协会建立友好关系，推动山东省民营企业在国际市场上的发展，助力“一带一路”建设,与印尼民间组织签订合作备忘录、推动蒙古国“发展之路”战略与“一带一路”倡议对接、参与中国—尼泊尔社会组织民生项目对接会及公益捐赠活动、在缅甸推动海洋渔业项目开发、参加第十五届世界华商大会、世界华人商业与经济峰会、举办“日本物产汇”产品展示会,印尼、韩国、蒙古国、缅甸、日本、尼泊尔,推动民间组织合作，促进经贸合作，文化交流与公益捐赠，举办国际产品展示会,直接和间接服务,是,官网、央广网、中国新闻网、中国一带一路网、天眼查,是,是,海外交流访问
379,山东省小球运动联合会,1,0,0,2017年,2023年,主席​：修振涛，秘书长​：胡东方,副主席​：王锋、葛胜儒、李妍希，副秘书长​：耿晨,——,济南市,非营利性社会团体,——,——,——,——,以党建为引领，推动小球运动项目的普及与提高，促进全民健身和竞技体育协调发展，打造特色体育项目品牌，推动体育产业高质量发展,——,否,通过国际交流与合作，推动小球运动项目的国际化发展，提升山东小球运动在国际上的影响力,与白俄罗斯网球联合会签订合作协议,俄罗斯,推动网球项目合作，促进运动员交流与培训,直接和间接服务,是,闪电新闻、国家体育总局、山东省民政厅、百度,是,是,海外交流访问
380,河南省人民对外友好协会,1,0,0,——,——,会长​：梁杰一，副会长​：李洪涛,——,——,河南省郑州市,事业单位,——,——,——,——,河南省人民对外友好协会遵循“增进人民友谊、推动国际合作、维护世界和平、促进共同发展”的宗旨，代表河南人民同世界各国人民进行广泛联系和交往，以增进相互了解和友谊，促进政治、经济、贸易、科技、社会、文化、教育等方面的交流与合作,设立理事会、理事常务会、秘书处,否,通过国际交流与合作，推动河南与世界各国的友好关系，促进经济、文化、教育等领域的共同发展,河南—日本友城交流视频会、“老家河南”欢乐春节文化庙会、国际汉字大会、驻华使节和国际知名企业高管“河南行”,日本等,举办交流活动、视频会议，通过文化交流和经济合作促进友好关系,直接和间接服务,是,官网、中原网、新闻、百度,是,是,海外项目
381,河南省总工会,1,0,0,1925年,——,主席​：李公乐，党组书记、常务副主席​：李拴成,副主席​：周红霞、刘孟连、王占波、黄健、谭斌凡、杨昆锋、刘雪峰、高颖嘉、张骋、孟祥忠、黄久生,——,河南省郑州市,省级工商联组织,——,——,——,——,河南省总工会的组织理念是“围绕中心、服务大局、服务职工​”，致力于维护职工合法权益，推动工人阶级的团结统一，促进经济社会发展,设立理事会、理事常务会、秘书处,否,——,——,——,——,——,是,微信公众号、官网、财经新闻、百度,是,是,——
382,河南省工商业联合会,1,0,0,1954年,——,主席​：胡汉阳，党组书记、常务副主席​：王载文，秘书长​：陈占亭,副主席​：赵纯武、孔火团、马跃峰、李莉、薛景霞、陈南、任红军、李建、姜明、徐晓、徐胜杰、曹永彬、乔秋生、石聚领、李云峰、郑文青、祝春华、熊伟、秦英林、王尚卿、王朝阳、刘卫平、陈海涛、苗拥军、赵志军、顿瑞敏、常远、韩红安,——,河南省郑州市,省级工商联组织,——,——,——,——,“围绕经济建设中心，服务党和国家工作大局，服务会员，引导非公有制经济人士健康成长，促进非公有制经济健康发展”，致力于推动河南省民营经济的发展,——,否,增进与国外工商社团的交往，为国家扩大对外开放、企业走向国际市场服务,“一带一路”经贸合作​、国际商会交流活动​,乌兹别克斯坦、哈萨克斯坦、卢森堡等,促进国际贸易与投资，组织企业参加国际展会和经贸洽谈会，提供国际市场信息和咨询服务,直接和间接服务,是,知乎、百度、财经新闻、中华全国工商业联合会、河南省人民政府门户网站,是,是,海外交流访问
383,武当武术协会,1,0,0,2000年,2003年,会长​：韩继斌，秘书长​：徐耀进,副会长​：熊占山、许本礼、Soy Mario Silva Silva、叶志威,——,湖北省十堰市,非营利性社会组织,——,——,——,——,宗旨是“团结国内外武当内家拳的研习者和爱好者，传承和发扬武当武术优秀文化遗产，推动武当武术走向世界​”。协会致力于挖掘、整理、研究武当武术，普及和宣传其文化价值，同时促进全民健身运动的开展,下设会员代表大会、理事会、秘书处,是,通过国际交流与合作，推动武当武术的国际化发展，弘扬中华武术文化,国际武术交流活动​、国际武术培训与推广​,乌克兰、西班牙、罗马尼亚、苏格兰、德国、捷克、美国、泰国、澳大利亚、新西兰、瑞典、挪威、法国、英国、韩国、日本、意大利等,组织代表团出访、举办国际武术活动，组织代表团出访、举办国际武术活动,直接和间接服务,是,百度、官网、新闻,是,是,海外交流访问
384,湖北省非洲民间商会,1,0,0,2006年,2009年,现任会长​：徐晖，荣誉会长​：尹以桥，原会长​：汪梦军,秘书长：朱正明,——,湖北省武汉市,非营利性社会组织,——,——,——,——,文化先行、义利兼顾、合作共赢,下设理事会、秘书处，会员分为单位会员、个人会员,是（肯尼亚、坦桑尼亚、安哥拉和南非）,以项目推动为主，宣传、培训、联络等全方位开展工作,人福医药在马里建成西非首个现代化制药厂​、安琪酵母在埃及投资建设绿色制造基地​、长飞光纤将先进的光缆生产装备和技术带进南非​、湖北未来集团在非洲7个国家设有工厂，生产门窗等建材产品​、组织省内外民营企业家赴非洲进行经贸考察和项目对接、协助会员企业在非洲开展农林种植、房地产开发、日用品生产、建筑装饰、旅游观光等业务,马里、埃及、南非、莫桑比克、毛里求斯、津巴布韦、尼日利亚、利比亚、安哥拉、肯尼亚、喀麦隆等,通过组织考察、项目对接、提供信息咨询、协助落地注册等方式为会员企业提供服务，同时促进中非经贸文化交流、搭建合作平台,直接和间接服务,是, 新闻、湖北省人民政府门户网站、湖北省归国华侨联合会官网、官网、百度,是,是,海外项目
385,湖北省侨商协会,1,0,0,2006年,2024年,会长​：喻鹏，常务副会长​：刘纯清，顾问委员​：尹以桥,秘书长​：叶飞,——,湖北省武汉市,非营利性社会团体,——,——,——,——,旨在通过侨商的力量推动湖北经济发展，促进海外侨胞与湖北的交流合作,下设理事会、秘书处、会员单位,否,通过举办活动和项目，促进湖北与海外侨胞的经济、科技、文化合作,侨聚英才——助推经济发展海外侨领侨商武汉行、打造新时代侨乡——侨商天门行、“花湖之约”打造临空经济高地——侨商鄂州行​,美国、非洲、澳大利亚、法国、日本、匈牙利、马来西亚等,通过举办活动、搭建交流合作平台，促进信息共享和资源整合,直接和间接服务,是,百度、官网、新闻、国务院侨务办公室,是,是,海外交流访问
386,湖南省青年联合会（前身为湖南省民主青年联合会）,1,0,0,1954年成立，1958年更名,2017年,现任主席​：夏彬华，副主席​：王彧弋、叶妙、吕奔、任贤龙、向杰、刘超、李玉龙、李钦、李亮、连洲杰、徐炳隆、黄洁贞、戴建清、魏哲浩,秘书长​：韩峰,——,湖南省长沙市,非营利性社会组织,——,——,——,——,湖南省青年联合会的宗旨是团结全省各族各界青年，鼓励青年学习现代科学技术和文化知识，代表和维护青年的合法权益，引导青年积极健康地参与社会生活，积极发展同港澳台青年及世界各国青年的联系和友谊，加强同外国青年组织的交流与合作,最高权力机构​：全体委员会，日常决策机构​：常务委员会，执行机构​：主席办公会，由主席、副主席和秘书长组成，日常管理机构​：秘书处，地方组织​：湖南省内14个市、州及省直机关均设有青年联合会,否,加强同外国青年组织的交流与合作,组织开展青年对外交流交往​、接待来访的国外青年友好代表团​、选拔派遣赴国外研修生​,——,选拔派遣赴国外研修生，接待来访的国外青年友好代表团，组织开展青年对外交流,直接和间接服务,是,百度、中国青年网、新闻、官网（湖南省青年企业家协会）、,是,否（2023 ）,海外交流访问
387,湖南省人民对外友好协会（前身为“中国人民保卫世界和平大会湖南分会”）,1,0,0,1950年成立，1987年更名,1983年,会长​：徐正宪，副会长​：周俊武，专职副会长​：郭向丽,——,——,湖南省长沙市,非营利性社会组织,——,——,——,——,增进人民友谊，推动国际合作，维护世界和平，促进共同发展,最高权力机构​：全体委员会，日常决策机构​：常务委员会，执行机构​：会长办公会，日常管理机构​：秘书处,否,积极发展与各国各地区的友好合作关系，通过文化交流、经贸合作、青少年交流等形式，增进各国人民之间的相互了解，推动湖南与世界各国的友好合作,湘滋相知中日书法交流展​、中越人民论坛第十二次会议​、海伦福斯特斯诺纪念图片巡回展​,日本、美国、越南,通过友好城市关系促进经贸合作，推动地方与外国对等地区和城市间的交流与合作,直接和间接服务,是,新闻、百度、湖南省人民政府门户站、中共湖南省委外事工作委员会办公室,是,是,海外交流访问
388,广东省人民对外友好协会（中国人民对外文化协会广州分会）,1,0,0,1956年成立，1973年更名,2021年,会长​：柳琛子，副会长​：陈广俊,——,——,广东省广州市,非营利性社会团体,——,——,——,——,增进广东省人民与世界各国各地区人民的了解和友谊，推动国际交流与合作，维护世界和平，促进共同发展,下设理事会、秘书处、团队会员,否,通过与世界各国友好组织和机构、各地方社会团体和各界人士发展友好合作关系，开展相互交流,“2021从都国际论坛”​、中非地方政府合作论坛,非洲、澳大利亚,举办国际论坛、推动地方政府合作，通过建立友好关系、促进文化交流等方式，为国际合作创造条件,直接和间接服务,是,百度、广州市人民政府外事办公室、南方+、网易、新闻,是,是,海外交流访问
389,广东省志愿者联合会,1,0,0,2008年,——,会长​：顾作义，执行会长​：黄昌伟,副会长​：赵广军、雷建威、廖满雄、廖杞南、王卫国、林楠、胡小军等,——,广东省广州市,非营利性社会团体,——,——,——,——,广东省志愿者联合会以“服务社会，共建和谐”为宗旨，致力于弘扬“奉献、友爱、互助、进步”的志愿者精神，推动志愿服务的社会化、事业化、规范化发展,下设会员代表大会、理事会、秘书处,否,开展志愿服务对外交流与合作,——,——,——,——,是,百度、中国政府网、i志愿、广东共青团,是,是,海外交流访问
390,广东省节能协会,1,0,0,2009年,——,会长​：赵绒，执行会长​：梁坚，常务副会长兼秘书长​：廖碧英,党支部书记兼副秘书长​：王铁兵，秘书长​：胡月利，项目部副总监​：何尧,——,广东省广州市,非营利性社会组织,——,——,——,——,依照国家宪法、法律、法规和政策，团结和动员组织广大会员、企业，坚持节约资源的基本国策，实施节约与开发并举，把节约放在首位的能源发展战略，促进合理用能，节约用能，为提高全社会的能效水平、企业经济效益和社会效益服务,下设会员代表大会、理事会、常务理事会、秘书处,否,开展节能国际合作，举办节能新技术、新产品国际博览会和论坛,节能新技术、新产品国际博览会和论坛​、国际对接交流活动​、能效电厂模式推广暨国际金融绿色项目合作对接交流活动​,“一带一路”相关国家,通过国际博览会和论坛，搭建交流合作平台，促进国际金融资源支持节能产业发展,直接和间接服务,是,新能源网、官网、新闻、知乎、广东省人民政府门户网站,是,是,海外项目
391,广东省建筑材料装饰协会,1,0,0,2008年,2013年,会长​：边程，荣誉会长​：叶德林，执行会长​：兰芳，常务副会长​：陈环,副会长​：张泳东、鲍杰军、叶荣恒、何新明、汪贵华、崔险峰、黎清容、刘连军、陈耀强、徐政雄等,——,广东省广州市,非营利性社会组织,——,——,——,——,广东省建筑材料装饰协会致力于推动行业健康发展，服务会员，服务政府，服务社会。协会以“一手货源，一手价格”为宗旨，以“批发带动零售，物流带动出口”为定位,最高权力机构​：会员代表大会，决策机构​：理事会、常务理事会，执行机构​：会长、副会长、秘书长，日常工作机构​：秘书处，专业委员会​：包括设计、厨卫、门窗幕墙、照明灯具、节能环保、建材五金等专业委员会,否,协会致力于推动广东建材企业“走出去”，通过国际市场拓展，提升行业国际竞争力,广东建材直营基地建设​、国际建材展会​,澳大利亚、新西兰、俄罗斯、吉尔吉斯斯坦,通过组织国际展会，促进企业与国际市场的对接，在海外建立直营基地，为当地市场提供广东建材产品,直接和间接服务,是,广东省工业和信息化厅、新浪微博、百度、广东省建筑装饰设计协会,是,是,海外交流访问
392,深圳市社会组织总会,1,0,0,1993年成立，2008年更名,——,执行会长​：苏建东,——,——,深圳市,非营利性社会团体,——,——,——,——,遵守宪法、法律、法规和国家政策，践行社会主义核心价值观，遵守社会道德风尚,下设会员代表大会、理事会、监事会、秘书处,否,促进本市社会组织与国外社会组织之间的联系，组织社会组织参与“一带一路”国家发展战略,国际交流活动​、“一带一路”合作项目​,“一带一路”沿线国家,通过推动“一带一路”合作项目，促进社会组织的国际交流与合作,直接和间接服务,是, 官网、深圳新闻网、百科,是,是,海外项目
393,深圳市猛犸公益基金会,1,0,0,2019年,2020年,理事长​：刘斯奇，执行理事长​：王石，秘书长​：朱岩梅,副秘书长​：王凯,——,深圳市,非公募基金会,——,——,——,——,向善同行，让基因科技HUI及人人,下设理事会、秘书处等,否,通过捐赠实验室设备和技术支持，推动基因科技在国际抗疫中的应用,向日本捐赠新冠病毒核酸检测试剂盒​、向塞尔维亚捐赠升级“火眼”实验室​、向菲律宾捐赠新冠病毒核酸检测试剂盒​、向希腊捐赠“火眼”实验室核心设备​、向加拿大多伦多西奈山医院捐赠“火眼”实验室核心设备​、向法国捐赠“火眼”实验室核心设备、向哈萨克斯坦援助建设气膜版“火眼”实验室,日本、塞尔维亚、菲律宾、希腊、加拿大、法国、哈萨克斯坦,通过技术支持和培训提升当地检测能力,直接和间接服务,是,天眼查、新闻、官网、网易、百度,是,是,海外项目
394,深圳市龙越慈善基金会,1,0,0,2011年,2015年,理事长​：陈胜，执行理事长​：孙春龙，副理事长​：曾勇，秘书长​：罗杨为,监事长​：耿国平,——,深圳市,非公募基金会,——,——,——,——,遵守宪法、法律、法规和国家政策，践行社会主义核心价值观，开展慈善活动,下设理事会、监事会、秘书处,否,围绕“抗战老兵关怀”和“阵亡将士遗骸归葬”等主题，旨在通过国际协作和民间力量，推动历史记忆的传承和对老兵的关怀,中国远征军缅甸阵亡将士遗骸寻找与归葬项目​,缅甸,组织专业团队在缅甸进行遗骸寻找和归葬工作，通过与缅甸当地机构合作，推动遗骸归葬工作的顺利进行,直接和间接服务,是,官网、中国民间组织国际交流促进会、公益网、天眼查,是,否（2023）,海外项目
395,深圳市走出去战略合作联盟,1,0,0,2016年,2016年,会长​：孙天璐,——,——,深圳市,非营利性社会组织,——,——,——,——,遵守宪法、法律、法规和国家政策，践行社会主义核心价值观，促进企业“走出去”，发挥桥梁纽带作用，为会员提供专业服务及技术支持,下设理事会、秘书处等,否,通过与各国驻华使领馆、商务机构建立合作，为企业“走出去”提供全方位支持,奥地利智能制造与人工智能研讨会​、中国（深圳）－西班牙（马德里）经贸合作交流会​、非洲分会成立​,奥地利、西班牙、非洲等,通过与各国机构合作，提供政策咨询、风险防范等服务,直接和间接服务,是,深圳市商务局网站、官网、深圳新闻、深圳政府在线,是,是,海外交流访问
396,广西壮族自治区青年联合会,1,0,0,1956年,2022年,主席​：孙晋,——,——,广西壮族自治区南宁市,非营利性社会组织,——,——,——,——,广西壮族自治区青年联合会以“团结、进步、创业、建功”为主题，依靠各青年社团，广泛开展爱国主义教育、科技创新、建功育才、对外交流等活动,下设理事会、会员代表大会、秘书处,否,积极发展同世界各国青年的联系与友谊，推动国际交流与合作,中越青年友好会见​、中越边境青年春节走亲戚大拜年​、中越边境青年春节走亲戚大拜年​、中越边境青年“友村行动周”活动​,缅甸、东盟各国,通过合作项目，推动青年交流与合作，促进减贫事业,直接和间接服务,是,百度、广西壮族自治区农业农村厅、广西共青团、广西政协网、新闻,是,否（2023）,海外交流访问
397,广西壮族自治区总工会,1,0,0,——,——,主席​：黄伟京，党组书记、常务副主席：韦永山,副主席、党组成员​：钟天录，党组成员、经费审查委员会主任​：黄海华，副主席、党组成员​：韦克轩，自治区纪委监委驻自治区总工会机关纪检监察组组长、党组成员​：陶建君，副主席、党组成员​：黄韬，副主席：祝平辉，二级巡视员​：李义勇,——,广西壮族自治区南宁市,非营利性社会团体,——,——,——,——,广西壮族自治区总工会围绕党和国家工作大局，贯彻执行中国工会全国代表大会和执委会议确定的方针、任务和决议，维护职工合法权益，推动职工民主管理，促进劳动关系和谐稳定,下设理事会、秘书处等,否,负责全区工会对外联络工作，发展同各国工会的友好关系,对外联络与友好关系,——,通过对外联络和友好关系，推动国际交流与合作,间接服务,是,官网、新闻、广西壮族自治区人民政府门户网站、百度,是,是,海外交流访问
398,广西壮族自治区红十字会,1,0,0,1963年,——,名誉会长​：刘宁，会长​：廖品琥，党组书记、常务副会长​：王雷，副会长兼秘书长​：吴强,办公室主任​：方婧，救助救护部部长​：黄云，组织发展部部长​：蔡云旗,——,广西壮族自治区南宁市,非营利性社会组织,——,——,——,——,广西壮族自治区红十字会秉承“人道、博爱、奉献”的红十字精神，致力于保护人的生命和健康，维护人的尊严，促进和平与进步,下设理事会、办公室、救助救护部、组织发展部,否,积极开展对外交流与合作，增进国际红十字运动的团结与合作,国际红十字运动交流活动​、国际人道主义援助​,越南、泰国、美国、日本、瑞士、罗马尼亚、德国、玻利维亚、澳大利亚、西班牙​,通过交流活动，促进国际合作与经验分享,直接和间接服务,是,百度、广西大学附中、官网、新闻、公益网,是,是,海外项目
399,海南省海外交流协会,1,0,0,1996年,——,——,——,——,海南省海口市,非营利性社会组织,——,——,——,——,海南省海外交流协会的宗旨是广泛联系海外华侨华人及其他各界人士，增进友好情谊，发展合作交流。其主要任务包括促进中国大陆与港澳台地区的合作交流，推动中外经济、科技、文化等领域的合作,下设会员代表大会、秘书处等,否,通过文化交流、经济合作等方式，促进海南与海外的友好关系，推动海南自由贸易港建设,琼籍侨胞联谊活动​等,——,通过宣传海南自贸区（港）建设，吸引港澳台海外同胞乡亲来海南投资创业,直接和间接服务,是, 官网、新闻、爱企查、百度、海南省人民政府网,是,是,海外交流访问
400,海南省慈航公益基金会,1,0,0,2010年,2013年,理事长​：孙明宇,理事​：包括孙明宇、李先华、王一林、谭向东、陈峰等,——,海南省海口市,非公募基金会,——,——,——,——,海南省慈航公益基金会秉承“慈航普度，度己度人”的理念，致力于开展慈善事业，感恩回馈社会,下设会员代表大会、理事会、秘书处等,否,通过慈善捐赠和国际合作，推动全球公益事业发展,向哈佛大学、麻省理工学院和纽约Calvary Hospital捐赠​、全球倡议（Global Empowerment Initiative）​,美国,通过全球倡议支持教育、创业和卫生事业,直接和间接服务,是,官网、启信宝、新闻、财经新闻、百度,是,否（2022 ,海外交流访问
401,中国南海研究院（前身为海南南海研究中心）,1,0,0,1996年成立，2004年更名,1996年,现任院长​：王胜，学术委员会主席​：吴士存,海洋法律与政策研究所所长​：闫岩，海上丝绸之路与海洋安全研究所所长​：林勇新，区域国别研究所所长​：丁铎,——,海南省海口市,非营利性研究机构,——,——,——,——,中国南海研究院以“服务总体外交和地方经济与社会发展”为宗旨，致力于南海问题研究，推动南海和平、稳定与合作,最高权力机构​：院长办公会。​执行机构​：院长、副院长。​研究部门​：​海洋法律与政策研究所、海洋经济研究所、海洋科学研究所、海上丝绸之路研究所。其他部门​：​对外交流部、办公室、北京分院,否,通过国际合作与学术交流，推动南海问题研究，促进地区和平与稳定,"与美国、加拿大、新加坡、马来西亚、菲律宾等国家的战略机构和智库建立固定的学术联系​，“中国-东南亚南海研究中心”​
",美国、加拿大、新加坡、马来西亚、菲律宾、东南亚其他国家,举办学术研讨会、提供政策建议，联合课题研究、学者互访,直接和间接服务,是,官网、新华网、中国科学院南海海洋研究所、财经新闻、中国政府网,是,是,海外项目
402,中国（海南）改革发展研究院,1,0,0,1991年,1991年,院长​：迟福林,副院长​：张飞,——,海南省海口市,非营利性研究机构,——,——,——,——,以直谏改革为己任，围绕中国经济转轨中的重大理论和实践问题进行超前性研究,最高权力机构​：理事会，执行机构​：院长、副院长，研究部门​：​经济研究中心、国际合作交流中心、教育培训中心、信息出版中心，其他部门​：​院长办公室、北京办事处,否,通过国际合作与学术交流，推动中国与国际社会的政策对话和研究合作,联合国开发计划署项目（UNDP）​、中挪社会政策论坛​、RCEP框架下蓝色经济发展能力培训班​、中德双边技术合作项目​、中日韩合作对话​,美国、英国、法国、澳大利亚、韩国、日本、玻利维亚、智利,通过国际研讨会、政策建议报告等形式，推动政策对话和研究合作,直接和间接服务,是,百度、中国新闻网、爱企查、官网、海南省人民政府网,是,是,海外项目
403,重庆市企业联合会,1,0,0,1994年,——,会长​：余远牧，党委书记​：周旬，副会长兼秘书长​：郭庆华,党委副书记​：杨丽琼,——,重庆市,非营利性社会团体,——,——,——,——,重庆市企业联合会以“为政府、企业、企业家服务”为宗旨，致力于发挥政府与企业、企业与企业、企业与社会之间的桥梁和纽带作用,最高权力机构​：会员代表大会。​执行机构​：会长、副会长、秘书长。​日常工作机构​：秘书处。​专门委员会​：企业文化研究分会、管理咨询委员会,否,通过国际交流与合作，促进企业“走出去”，提升企业国际竞争力,参加国际劳工组织活动，发展国际交流与合作、企业“走出去”支持​,“一带一路”沿线国家,组织企业参与国际交流活动，提供政策咨询和平台支持，通过政策研究和项目对接，帮助企业拓展海外市场,直接和间接服务,是,官网、百度、新闻、重庆市人民政府网,是,是,海外交流访问
404,重庆市环境保护产业协会,1,0,0,1985年,——,代理秘书长​：张妮,副会长单位代表​：衷小鹏,——,重庆市,非营利性社会团体,——,——,——,——,协会致力于推动重庆市环保产业的发展，规范企业行为，建立行业自律机制，提升行业整体素质，维护行业整体利益,设有会员代表大会、理事会和常务理事会,否,致力于推动国际合作与交流,国际交流与合作​、开展“消耗臭氧层物质估算建设项目”等国际合作项目、中日城市间大气环境改善合作项目技术研讨会​等,美国、日本、德国、斯洛文尼亚、英国,组织国际交流活动，接待外宾，开展国际合作项目，通过国际论坛和技术研讨会，推动环保产业和技术的对外交流,直接和间接服务,是,百度、重庆市生态环境局、官网、重庆市民政局、中国环境网,是,是,海外交流访问
405,四川省民间组织国际交流促进会,1,0,0,2018年,2023年,会长​：刘捷，执行副会长兼秘书长​：张涛,驻会副会长​：王海林，副会长​：赵平，驻会副秘书长​：何政军,——,四川省成都市,非营利性社会组织,——,——,——,——,秉持包容、互鉴、共享的理念，推动四川省社会组织和热心公益事业人士与国际非政府组织开展互动交流与合作，向国际社会讲好中国故事四川篇章,最高权力机构​：会员代表大会，执行机构​：会长、副会长、秘书长，日常工作机构​：秘书处,否,通过与国际非政府组织和机构建立联系，开展交流与合作，推动民生合作、文化交流和人道救助等,川促会会长刘捷率队赴美国休斯敦市访问​、2024年四川国际友城合作与发展大会​,美国等,组织代表团出访，与国际组织会面，通过国际友城合作大会等平台，推动国际交流与合作,直接和间接服务,是,百度、官网、四川省人民政府网站、新闻、企查查,是,是,海外交流访问
406,四川省大熊猫生态与文化建设促进会,1,0,0,2010年,2023年,会长​：罗光泽，执行副会长兼秘书长​：王先忠,副会长​：张泽钧、薛康、朱大鹏、陈广宇、刘云鹏、施美景,——,四川省成都市,非营利性社会组织,——,——,——,——,以“保护大熊猫生态、弘扬大熊猫文化”为宗旨，致力于推动大熊猫生态与文化的研究、保护和传播，促进大熊猫栖息地周边社区的经济与文化建设,最高权力机构​：会员代表大会，执行机构​：会长、副会长、秘书长，日常工作机构​：秘书处，分支机构​：包括多个专业委员会，如熊猫美食专委会,否,以大熊猫和熊猫文化为抓手，开展国际交流活动，推动大熊猫文化的对外传播,熊猫国际论坛​、熊猫卫士国际文化交流暨守护绿水青山·共建“一带一路”公益环保骑行​、大熊猫全球十大新闻评选​,——,举办国际论坛和公益活动，提升国际社会对大熊猫保护的关注，通过新闻评选等活动，扩大大熊猫文化的国际影响力,直接和间接服务,是,中华人民共和国文化和旅游部、四川省林业和草原局、官网、新闻,是,是,海外项目
407,四川省扶贫基金会,1,0,0,1994年,——,会长​：罗光泽，副会长兼秘书长​：陈宏,副会长​：邹韬,——,四川省成都市,非营利性社会组织,——,——,——,——,四川省扶贫基金会的宗旨是促进四川省贫困地区及其他经济不发达地区的经济开发、文化教育、卫生等事业的发展。基金会致力于通过多种方式推动贫困地区的发展，包括诚心服务、讲求实效、智力培训、检查验收、滚动扶贫和确保“三个满意”,最高权力机构​：会员代表大会，执行机构​：会长、副会长、秘书长，日常工作机构​：秘书处，分支机构​：包括多个地方分会,否,致力于通过国际合作项目引入外部资源，推动贫困地区的发展。其国际项目旨在通过“爱心无国界，慈善传友谊”的理念，构建人类命运共同体,东亚减贫合作倡议柬埔寨项目​、意大利政府医疗贷款项目​、新加坡红十字会让爱川流不息项目​、美国科技教育协会教育帮扶项目​、美国国际人道援助基金会人道援助项目、新加坡爱无限5·12汶川地震援助项目​、中日友谊社会扶贫项目​、新加坡青年团支教助学活动​、中柬减贫项目​,柬埔寨、意大利、新加坡、美国、日本,建设基础设施，提供医疗和教育支持，开展培训和义诊，通过国际合作项目引入外部资源，推动贫困地区发展,直接和间接服务,是,新闻、官网、百度、四川省人民政府网站、爱企查,是,是,海外项目
408,四川省彝学学会,1,0,0,1995年,2017年,会长​：李文华，名誉会长​：曲木史哈，总顾问​：沙马拉毅,副会长​：包括李文华、熊子古、沙马吉哈等,——,四川省成都市,非营利性社会组织,——,——,——,——,四川省彝学学会致力于保护和传承彝族文化，推动彝族文化研究，促进彝区经济社会发展和民族团结进步,下设会员代表大会、理事会、秘书处等,否,致力于推动彝族文化的国际交流与合作,海外彝族文献整理与研究国际学术研讨会​,——,组织国际学术研讨会，促进彝族文化研究,直接服务,是,新闻、西昌学院、官网（彝族人网）、彝学研究网,是,是,海外交流访问
409,四川省海外交流协会,1,0,0,1988年,——,会长​：廖伯康，副会长​：李培根、王于、辛文、姜泽亭、金洪生、徐世群、刘元瑄、李致、但汉然、张应文、郭景璞、孙文灿、王庭钧、潘廷生,总干事长​：王于谦，名誉会长​：冯元蔚、裴昌会、潘大逵、郭汝瑰,——,四川省成都市,非营利性社会组织,——,——,——,——,四川省海外交流协会致力于广泛联系海外华侨华人、港澳台同胞及其他各界人士，增进友好情谊，促进经济、文化、教育等领域的交流与合作,最高权力机构​：会员代表大会，执行机构​：会长、副会长、总干事长，日常工作机构​：秘书处,否,通过国际交流活动，促进四川与海外的经济、文化、教育等领域合作,"川港职业与应用教育联盟​、中法美食文化交流中心​、中医药系列合作​

",法国、柬埔寨等,开展职业教育合作、美食文化交流、中医药合作，通过文化交流和教育合作，促进国际合作与交流,直接和间接服务,是,中国海外交流些会官网、财经新闻、官网（四川省人民对外友好协会）、中国新闻网,是,是,海外项目
410,四川省非物质文化遗产保护协会,1,0,0,2014年,2020年,会长​：郑晓幸,副会长​：何政军,——,四川省成都市,非营利性社会组织,——,——,——,——,协会致力于保护和传承非物质文化遗产，推动非遗文化的活态传承、融合发展，促进非遗保护融入国家重大战略，如脱贫攻坚、乡村振兴、文旅融合等,最高权力机构​：会员代表大会，执行机构​：会长、副会长、秘书长，日常工作机构​：秘书处，专业委员会​：包括传统医药专业委员会、川茶专业委员会等,否,协会致力于通过国际交流活动，推动四川非遗文化的国际传播，展示四川非遗的魅力,国际非遗节​、非遗国际交流活动​,——,通过国际非遗节等活动，展示四川非遗文化，通过国际交流活动，推动非遗文化的国际传播,直接和间接服务,是,官网、中国非物质文化遗产网、四川在线、中国新闻网、新闻、百度,是,是,海外交流访问
411,四川省通用航空协会,1,0,0,2015年,2015年,会长​：林孝波，名誉会长​：赖文强，党委书记​：车天发,副会长​：李章华、何家沛、胡文彬，秘书长​：张伟,——,四川省成都市,非营利性社会团体,——,——,——,——,促进通用航空产业的发展，发挥桥梁和纽带作用，加强企业、协会、政府之间的沟通,下设会员代表大会、秘书处,否,通过国际合作，学习和借鉴国际通用航空发展的先进经验，促进四川省通用航空产业的发展,与加拿大通用航空协会的合作交流会,加拿大,举办国际合作交流会，通过交流会提升四川省通用航空产业的发展水平,直接和间接服务,是, 百度、新闻、四川航空集团、官网,是,是,海外交流访问
412,成都社会组织学院,1,0,0,2014年,2018年,法定代表人​：余姣,发展顾问委员会主任​：郭虹,——,四川省成都市,事业单位,——,——,——,——,立足成都，面向西部，辐射全国，打造研究型社会组织实训基地,下设理事会、秘书处,否,通过国际合作，提升社会组织的能力建设和专业技能培训,非洲非政府组织能力建设和专业技能培训,非洲,通过培训提升当地社会组织的能力,直接和间接服务,是, 百度、新闻、成都本地宝、中国网教育、界面新闻,是,是,海外项目
413,贵州省知识产权协会,1,0,0,2019年,2020年,——,——,——,贵州省贵阳市,非营利性社会团体,——,——,——,——,汇聚英才，整合资源，促进交流，服务贵州,下设会员代表大会、秘书处,否,通过提供专业的法律咨询服务和纠纷应对指导，帮助贵州省内企业在海外应对知识产权纠纷,海外知识产权纠纷应对指、海外知识产权业务培训​、海外知识产权申请资助​,——,法律咨询、纠纷应对指导、培训服务,直接和间接服务,是,贵州省人民政府门户网站、爱企查、国家知识产权局、财经新闻、今日头条、贵州律师协会,是,是,海外交流访问
414,贵州蓝天救援队,1,0,0,2008年成立，2012年注册,2015年,队长​：王毅,——,——,贵州省贵阳市,非营利性社会团体,——,——,——,——,协助政府或独立开展国内外应急救援服务，推动社会应急救援体系的发展与完善,最高权力机构​：理事会，日常办事机构​：秘书处，直属队伍​：公共安全潜水队、城市搜索与救援队、航空应急服务队,否,积极参与国际救援行动，提升救援能力，展现中国民间救援力量,尼泊尔地震救援​、缅甸洪灾救援​、柬埔寨抗疫援助​、老挝溃坝救援​、土耳其地震救援​,土耳其、柬埔寨、缅甸、尼泊尔、老挝,"进行现场救援、提供医疗援助，进行技术支持和物资捐赠
",直接和间接服务,否,百度、贵州新闻、中国发展简报、财经新闻,是,是,海外项目
415,贵州省人民对外友好协会,1,0,0,1986年,1986年,会长​：张敬平，专职副会长​：蒋红,——,——,贵州省贵阳市,事业单位,——,——,——,——,协会致力于与各国对华友好组织、社会团体和各界人士发展友好合作关系，促进对外经济、贸易、社会、科技、环保、文教、体育以及人才领域的交流与合作,下设理事会、秘书处等,否,通过国际友好城市合作和民间交流，推动贵州与世界各国的友好关系,2024贵州国际友好城市交流合作会议、法国青年代表团访问榕江“村超”​、华盛顿州代表团访问台盘“村BA”发源地​,法国、美国等,"举办文化交流活动和体育赛事，通过合作项目促进经济发展和文化交流

",直接和间接服务,是,中国人民对外友好协会会史展、贵州省人民政府门户网站、新闻、贵州省文化和旅游厅、贵州日报,是,是,海外交流访问
416,贵阳山地运动协会,1,0,0,2019年,——,会长​：胡木,常务副会长​：罗冠雄，秘书长​：刘玉杰，副秘书长​：杨谦、梁永波,——,贵州省贵阳市,非营利性社会组织,——,——,——,——,遵守宪法、法律、法规和国家政策，遵守社会道德风尚；团结本地区户外运动界所有人士与相关单位；指导和推动贵阳市山地户外运动及其相关运动的发展,最高权力机构​：会员代表大会，执行机构​：理事会，日常办事机构​：秘书处，下设部门​：办公室、公众事务部、志愿者服务中心、培训专业委员会、捍卫者救援队,否,——,——,——,——,——,否, 官网、百度、国家体育总局、南明区人民政府、新闻,是,是,——
417,云南民间国际友好交流基金会,1,0,0,2013年,2013年,法定代表人​：程云川,副秘书长​：刘泽慧,——,云南省昆明市,公募基金会,——,——,——,——,传递光明、传递友谊、传递爱心、传递亲情,下设理事会、秘书处,否,聚焦服务国家总体外交大局以及云南省对外开放和经济社会发展，开展国际交流活动和民生项目,老挝“光明行”活动​、缅甸“光明行”活动​,老挝、缅甸,通过医疗援助提升当地医疗水平,直接和间接服务,是,百度、新闻、云南省人民对外友好协会、中国发展简报、,是,是,海外交流访问
418,云南省民间及社会组织国际交流促进会,1,0,0,2013年,2014年,——,——,——,云南省昆明市,非营利性社会团体,——,——,——,——,推动云南省民间及社会组织与国际非政府组织的交流与合作，实施“走出去”战略，积极配合国家总体外交,——,否,促进云南省与国外民间组织在扶贫开发、环境保护和社会发展方面的交流和合作,缅甸木姐农村地区健康促进项目​、援老挝公路路政管理培训合作项目​、阿富汗人道援助行动​,老挝、阿富汗、缅甸,通过培训和项目合作提升当地医疗和管理水平，医疗设备捐赠、医务人员培训、营养膳食支持,直接和间接服务,是,百度、官网、中国发展简报、爱企查、新闻,是,是,海外项目
419,云南昆明云迪行为与健康研究中心,1,0,0,2003年,2003年,主任​：罗志,副秘书长​：马坚,——,云南省昆明市,非营利性社会组织,——,——,——,——,协助当地NGO小组，志愿帮助邻国及边境地区妇女儿童、流动人口、其他脆弱人群获得公共卫生服务、贫困救助及社会其他帮助,下设理事会、秘书处、综合事务部、行业发展部、咨询服务部、专家咨询委员会等,是（柬埔寨）,通过国际合作，推动公共卫生服务、贫困救助及社会其他帮助,柬埔寨儿童心脏病救助项目​、慢性病防控关键技术培训项目​、慢性病防控关键技术培训项目​,柬埔寨、缅甸、老挝、尼泊尔、孟加拉国,通过培训、物资捐赠提升当地医疗水平,直接和间接服务,是, 百度、官网、招聘网站、今日头条、新闻、网易、中国发展简报,是,是,海外项目
420,云南省替代种植发展行业协会,1,0,0,2008年,2022年,会长​：刘舰,副秘书长​：马坚,——,云南省昆明市,非营利性社会团体,——,——,——,——,责任敬业、专业规范、创新发展,下设综合事务部、行业发展部、咨询服务部、专家咨询委员会等,否,通过国际交流与合作，推动替代种植行业发展，巩固境外禁毒成效,老挝橡胶产业研究院项目​、万象新河年产6万吨湿法TSR20号胶加工厂建设项目​、昆明市驻老挝（万象）商务代表处工作,老挝,通过合作项目推动行业发展，巩固禁毒成效,直接和间接服务,是,云南省人民政府门户网站、新闻、天眼查、知乎、官网,是,是,海外项目
421,瑞丽市妇女儿童发展中心,1,0,0,2000年成立，2004年注册,2013年,负责人​：张琴,——,——,云南省瑞丽市,民办非企业单位,——,——,——,——,中心以“平等、尊重、信任、参与”为核心价值观，致力于为妇女儿童提供健康、教育、疾病预防、心理支持、社区发展、职业技能提升等专业社会工作服务,下设理事会、秘书处,是（缅甸）,通过国际合作，促进边境地区妇女儿童的健康和发展，加深中缅民间友好交流,缅甸木姐妇女儿童健康促进项目​、缅甸木姐孤儿院陪伴计划​、缅甸木姐校园营养膳食计划​、缅甸木姐医疗援助项目​,缅甸,提供健康教育、心理支持、营养膳食，通过技能培训和设备援助提升当地医疗水平,直接和间接服务,是（具有一定官方背景，瑞丽市妇联）,新闻、中国发展简报、爱企查、百度、中国慈善联合会、云南妇女网,是,是,海外项目
422,陕西人才战略发展研究中心,1,0,0,2013年,2015年,理事长​：李成平，副理事长​：范永军、张伍政、任恭良、王海洲、宁俊杰，秘书长​：柳青,专家顾问​：戴冠雄、李明富、唐从军、刘全福,——,陕西省西安市,民办非企业单位,——,——,——,——,研究人才战略发展，促进人才智力交流。​吸引全球智库聚集，培养时代创新精英。​服务产业人才需求，打造丝路人才高地,最高权力机构​：理事会。​日常办事机构​：秘书处。​下设部门​：党政办公室、培训考核部、企业服务部、理论研究部、国际交流部、技术信息部、乡村振兴部、就业创业部,否,通过国际合作，推动人才战略发展，促进国际人才交流,与德国电动汽车公司合作项目​、与马尔代夫文化交流活动​、中韩创新人才培养项目​,德国、马尔代夫、韩国,项目合作、文化交流活动、通过合作项目促进人才发展,直接和间接服务,是,爱企查、官网、百度、职友集、新闻,是,是,海外项目
423,陕西省民间博物馆协会,1,0,0,2009年,2010年,会长​：吕建中,副会长​：高玉书，秘书长​：徐也力,——,陕西省西安市,非营利性社会组织,——,——,——,——,促进民间博物馆事业的发展，加强行业规范和管理，推动文化遗产保护与传承,下设会员代表大会、理事会、秘书处,否,——,秦兵马俑史密森尼数字教育项目、中法公输堂彩绘木作保护研究项目、秦始皇——中国第一个皇帝与兵马俑展、平行时空：在希腊遇见兵马俑、援助缅甸蒲甘他冰瑜寺修复项目、与新加坡文物保管中心合作项目​,美国、法国、泰国、希腊、缅甸、新加坡,通过数字教育资源和国际研讨会提升文化遗产保护水平，文物保护修复、展览举办,直接和间接服务,是,官网、百度、新闻、网易、爱企查、陕西历史博物馆、中国政府网,是,否（2022）,海外项目
424,榆林市女企业家协会,1,0,0,2015年,——,会长​：张娣娟，副会长​：刘银娥、米宏英等，秘书长​：高扬,——,——,陕西省榆林市,非营利性社会组织,——,——,——,——,协会的宗旨是“互助友爱，志愿结盟”，以“求真务实，创新发展”为精神，围绕全市经济社会发展大局，积极配合市妇联工作。协会致力于为创业女性提供技能培训、岗位锻炼、创业实践等全方位的服务,下设会员代表大会、理事会、秘书处,否,——,——,——,——,——,是,百度、新闻、网易、爱企查、官网、各界新闻网,是,是,——
425,榆林榆阳长城学会,1,0,0,2014年,2014年,法定代表人​：刘利荣，会长​：段云飞,——,——,陕西省榆林市,非营利性社会组织,——,——,——,——,榆林市榆阳区长城学会的宗旨是“研究、保护、维修、宣传榆林长城”，致力于弘扬长城文化，传承民族精神,下设会员代表大会、理事会、秘书处,否,通过国际文化交流活动，传播长城文化，促进国际合作,美国儿童多里安祈福活动​、南非人大卫徒步长城公益活动、“我为长城添光彩 世界儿童爱长城”庆六一活动​、英国“双墙对话”交流活动​、庆祝联合国成立75周年活动​、“友好日”活动​、中美“非遗小剧场·非遗让生活更美好”活动​,美国、南非、英国等,参与国际活动，提供文化交流平台，通过文创产品和活动提升长城文化的国际影响力,直接和间接服务,是,微信公众号、新闻、网易、爱企查、文化艺术报、美篇,是,是,海外项目
426,甘肃民间组织国际交流促进会,1,0,0,2014年,2014年,会长​：朱继君，常务副会长​：朱莉莉，副会长​：於若飞、杜永军、方军、杨彦昌、康海,秘书长​：李娟,——,甘肃省兰州市,非营利性社会组织,——,——,——,——,积极推动甘肃省民间组织与国际非政府组织的交流与合作，通过工作调研、政策宣传、信息资讯、专业培训、组织活动等途径，为甘肃省民间组织参与国际非政府组织活动搭建平台、提供服务,下设理事会、秘书处等,否,通过国际合作与交流，推动民间组织参与国际非政府组织活动，增进民间友好，加强民意沟通，推动民生合作,推动民间文化交流合作、2017“一带一路”中俄友好交流活动​、柬埔寨与中国甘肃改善民生领域NGO合作备忘录​、尼泊尔山区儿童教育帮扶项目​、2017(中俄)国际青少年丝路阳光创意文化系列活动​,捷克、匈牙利、波兰、罗马尼亚、俄罗斯、科威特、印度尼西亚、柬埔寨、尼泊尔、澳大利亚,推动民间文化交流合作、开展社会发展、扶贫救助等项目,直接和间接服务,是,官网、新闻、中国公益新闻网、中国新闻网、百度、企查查,是,是,海外项目
427,甘肃伊山伊水环境与社会发展中心,1,0,0,2008年,2008年,理事长​：丁文广,执行主任​：虎孝君,——,甘肃省兰州市,非营利性社会组织,——,——,——,——,伊山伊水以“公平地满足脆弱社区的发展”为使命，以“人与自然和谐、实现社区善治”为愿景，坚持透明（Transparency）、问责（Accountability）、影响力（Impact）的管理理念,下设理事会、秘书处等,否,通过国际合作与交流，推动社区发展和环境保护,实施了多个由国际机构资助的项目、为世界银行、亚洲开发银行等国际机构提供咨询服务、世行贷款甘肃文化自然遗产保护与开发二期项目社会影响评价​、国际救助儿童会合作项目​、与瑞典Halmstad University合作项目​、与德国米苏尔基金会合作项目,德国、瑞典等,接受资金援助、进行项目实施和技术培训、通过研究成果和咨询服务推动国际合作,直接和间接服务,是,官网、参考网、新闻、百度、爱企查、财经新闻,是,是,海外项目
428,甘肃省水利科学研究院（前身是甘肃省水利厅科技处）,1,0,0,1979年成立，2003年更名,1996年,党委书记、院长​：张新民,邓建伟,——,甘肃省兰州市,非盈利性科研单位,——,——,——,——,研究院的业务职责以开展水利科研与技术推广为主，同时兼有技术咨询和技术培训。长期开展对外国际雨水利用技术培训工作,内设机构​：包括水文水资源研究所、工程水利研究所、雨水利用研究所、综合办公室等。​其他职能机构​：甘肃省水利厅基本建设工程质量检测中心、国际雨水利用技术培训中心、甘肃省灌溉试验培训中心,否,通过国际合作与学术交流，推动雨水利用技术的国际推广和应用,欧盟援助项目​、气候变化对干旱区水资源的影响研究​、技术援助非洲国家项目​、国际雨水利用技术培训​,荷兰、英国、意大利、阿根廷等,引进国外先进灌溉设备与技术，参加论坛研究气候变化对干旱区水资源的影响，开展培训,直接和间接服务,是, 知乎、百度、中国共产党新闻网、官网、甘肃武威绿洲农业高效用水国家野外科学观测研究站,是,是,海外项目
429,甘肃省联合国教科文组织协会,1,0,0,2001年,1986年,会长​：杜永军，终身荣誉会长​：马培芳,秘书长​：朱成，副会长​：栗兆荣、葛颂、潘腾飞,——,甘肃省兰州市,非营利性社会组织,——,——,——,——,凝聚联合国教科文旗帜下，把知识、信息和理念带给需要的人们,下设会员代表大会、理事会、常务理事、秘书处,否,通过国际交流与合作，推动教育、科技、文化领域的共同发展,亚太地区 APEID 项目​、JIP 计划​：教育合作项目、创新复式教学，改善农村教育项目​、“百校结好”活动​、创新复式教学，改善农村教育项目​、国际艺术交流活动​、与阿塞拜疆联合国教科文组织全国联合会合作​,德国、英国、日本、阿塞拜疆、亚太地区,组织交流活动、开展校际合作，通过项目合作、文化交流促进国际理解,直接和间接服务,是, 官网、新闻、网易、百度、河西学院、哔哩哔哩,是,是,海外项目
430,宁夏民间组织国际交流促进会,1,0,0,2014年,2024年,会长​：左军,——,——,宁夏银川市,非营利性社会组织,——,——,——,——,推动宁夏民间组织参与国际交流合作，增进各国人民之间的友谊,下设会员代表大会、理事会、常务理事、秘书处,否,推动宁夏民间组织参与国际交流合作，增进各国人民之间的友谊,中国（宁夏）—东盟经贸对接交流会​,东盟相关国家,通过交流会促进经贸合作，提升区域合作水平,直接和间接服务,是,百度、中国政府网、中国乡村发展基金会、中国科学院、,是,是,海外交流访问
431,宁夏林业研究院（股份有限公司）,1,0,0,2000年,2008年,法定代表人​：沈效东,院长​：李健，总工程师​：于卫平,股份有限公司（上市）,宁夏银川市,——,——,——,——,——,立足西北干旱、半干旱地区生态环境，开展植物抗逆性、种苗繁育、生态修复等研究，推动区域生态建设,——,否,通过国际合作，引进先进技术和经验，提升科研水平，推动生态修复和种苗繁育技术的国际化,与美国康奈尔大学合作项目​、与以色列本·古里安大学合作项目​、荒漠化防治国际研修班​,美国、以色列等,促进技术合作与应用和国际培训，交流推动经验分享,直接和间接服务,是（宁夏林业研究院股份有限公司由宁夏林业研究所改制而来，具有一定的官方背景）,百度、启信宝、爱企查、宁夏回族自治区林业和草原局,是,是,海外项目
432,宁夏燕宝基金会,1,0,0,2011年,2011年,理事长​：党彦宝，副理事长​：边海燕,——,——,宁夏银川市,非公募基金会,——,——,——,——,宗旨​：善心善行、善款善用、善始善终。使命​：用知识改变命运。核心理念​：科学慈善，专业、科学、有效,下设理事会、秘书处,否,积极参与国际公益交流与合作,与国际慈善机构交流​、主办“消除贫困·人与自然可持续发展”高峰论坛、捐资1亿元设立“联合国粮农组织·燕宝农业人才基金”,美国、摩洛哥、意大利,学习国际先进公益理念与经验，支持全球气候变化研究、农业人才培养,直接和间接服务,否,官网、百度、公益时报网、新闻、中国新闻网,是,是,海外交流访问
433,宁夏扶贫与环境改造中心（前身为宁夏南部山区农村发展中心）,1,0,0,1998年，2004年更名,2008年,法定代表人​：龙治普,——,——,宁夏银川市,非营利性社会组织,——,——,——,——,愿景​：使社区居民都能过上富裕、安康、平等、和谐的幸福生活；使命​：努力解决宁夏回族自治区的贫困、环境、性别平等方面的问题；宗旨​：支持贫困群体、特别是妇女摆脱贫困；促进环境资源与生计互动的良性循环；提高贫困社区的发展能力,——,否,以引进国际援助为主，拓宽同国内外发展机构合作的领域和渠道，多方筹集资源，支持区域环境改造和反贫困，促进可持续发展,中德财政合作中国北方荒漠化综合治理宁夏项目​、美国使馆小额赠款项目​、联合国环境开发署全球环境基金小额赠款项目​,美国、德国、联合国环境开发署等国际机构,荒漠化综合治理与参与式村级规划、建设以妇女为主体的农民互助组织、营西村环境可持续发展,直接和间接服务,是,抖音、CFPA官网、微博、新闻、百度、财经新闻,是,否（2023）,海外项目
434,新疆野生动植物保护协会,1,0,0,1985年,2014年,会长​：田建明，名誉会长​：池重庆,办公室主任​：高晓波，副秘书长​：雷雨涵,——,新疆乌鲁木齐,非营利性社会团体,——,——,——,——,保护野生动植物，促进生态文明建设，推动人与自然和谐共生,下设理事会、办公室、科普宣传部等,否,通过国际合作，保护濒危物种，促进生物多样性保护,新疆隼类繁育研究中心项目​、蒙新河狸跨国合作保护研究​,卡塔尔、蒙古,通过技术交流与合作提升保护能力,直接和间接服务,是,爱企查、百度、新闻、新疆维吾尔自治区林业和草原局、新疆维吾尔自治区人民政府网,是,否（2023）,海外项目
435,新疆维吾尔自治区总工会,1,0,0,1951年（又名：新疆省总工会筹备委员会）,2023年,现任主席​：木合亚提·加尔木哈买提，现任党组书记、副主席​：陈忠宽,——,——,新疆乌鲁木齐,非营利性社会组织,——,——,——,——,围绕党中央治疆方略，维护职工合法权益，促进社会稳定和长治久安,领导机构​：主席、副主席、兼职副主席、常务委员，内设部门​：权益保障部、经济技术劳动保护部、经费审查委员会办公室等,否,通过国际交流与合作，服务跨国职工，促进“一带一路”沿线国家的经济文化交流,国际“司机之家”建设项目​、劳动关系和劳工权益国际研讨会、口岸职工交流慰问活动​,俄罗斯、哈萨克斯坦、乌兹别克斯坦等,提供餐饮、车辆维修保养、远程医疗、物流信息平台等服务，通过国际研讨会促进经验交流，提升劳工权益保障水平,直接和间接服务,是,天眼查、新疆维吾尔自治区人民政府网、百度中工网、网易,是,是,海外项目
436,新疆海外交流协会,1,0,0,1992年,2013年,——,——,——,新疆乌鲁木齐,非营利性社会组织,——,——,——,——,广泛联系海外华侨华人、港澳台同胞，增进友好情谊，发展合作交流,下设理事会、秘书处、办公室、外联部、文教部、经科部、侨政部、网络信息中心等,否,促进海外华侨华人与新疆在经济、文化、科技等领域的合作与交流,与中亚国家开展疆籍华侨华人社团负责人视频交流会、组织海外华侨华人及港澳台同胞来新疆考察、交流、投资等活动,哈萨克斯坦、吉尔吉斯斯坦、巴基斯坦、日本、土耳其等,促进经济合作、文化交流、科技合作、侨胞权益维护等,直接和间接服务,是,百度、天眼查、官网（新疆维吾尔自治区人民政府外事办公室）、新闻、中国新闻网,是,否,海外交流访问
437,中国科学院新疆生态与地理研究所,1,0,0,1998年,2014年,所长​：陈曦，党委书记、副所长​：张向军,科研平台岗业务主管：李慧，新疆科考管理岗业务主管：潘琪，学会部主任：米尼热·加帕尔,——,新疆乌鲁木齐,国家科研事业单位,——,——,——,——,面向国际干旱区生态与环境领域科技前沿，面向国家丝绸之路经济带建设重大需求，面向新疆社会稳定与长治久安总目标，创新干旱区科学的理论和方法体系,设有国家重点实验室、国家研究中心、中科院研究中心、其他研究单元、野外观测站,否（但在中亚、伊朗和蒙古国建有19个国际联合野外观测研究站）,围绕“一带一路”倡议，开展国际合作研究，推动干旱区生态与环境领域的科学研究和技术应用,中亚生态与环境研究中心​、中亚增生成矿系统研究​、国际联合野外观测研究站​、“一带一路”国际科学组织联盟荒漠化专题联盟（ANSO-ACD）​、干旱区生物多样性保护联合体（BCAA）、中日干旱区生态研究中心​、中德干旱区生态系统管理与环境变化联合研究中心​,如哈萨克斯坦、吉尔吉斯斯坦、乌兹别克斯坦、伊朗、蒙古国等,生态与环境研究、资源勘查、生物多样性保护、荒漠化防治等,直接和间接服务,是, 官网、百度、新浪财经、中国科学生态环境研究中心、中国科学院,是,是,海外项目
438,新疆维吾尔自治区安全技术防范行业协会,1,0,0,2011年,——,——,——,——,新疆乌鲁木齐,非营利性社会组织,——,——,——,——,遵守宪法、法律、法规和国家政策，维护行业合法权益，加强行业自律，促进技术管理水平和经济效益的提高，推进自治区安全防范工作发展,设有理事会、秘书处、综合部、业务部、评审部,否,——,——,——,——,——,是,百度、爱企查、新闻、新疆维吾尔自治区民政厅、新疆维吾尔自治区科学技术厅,是,否,——
439,新疆维吾尔自治区科学技术协会,1,0,0,4/1/1960,2015年,现任主席​：邓铭江，现任党组书记、副主席​：隋荣,——,——,新疆乌鲁木齐,非营利性社会团体,——,——,——,——,坚持马克思列宁主义、毛泽东思想、邓小平理论和“三个代表”重要思想为指导，全面落实科学发展观，团结和动员科学技术工作者以经济建设为中心，坚持科学技术是第一生产力的思想，实施科教兴新战略、人才强新战略和可持续发展战略，建设创新型国家，努力构建和谐社会，促进科学技术的繁荣和发展，促进科学技术的普及和推广，促进科学技术人才的成长和提高，促进科学技术与经济的结合,内设部门​：办公室、组织人事部、计划财务部、调研宣传部、学会学术部（国际部）、科学技术普及部、科学素质办公室、常委办公室、老干处、机关党委、反邪教协会,否,致力于推动学术交流、科普活动、科技服务,中亚及新疆大型矿床信息识别共享平台联合研发​​、乌兹别克棉花种质资源的收集保育及创新​​、中亚及周边国家棉花优质高产栽培技术国际培训班​​、中亚区域防灾减灾技术应用培训班​​、中亚创新药物研发示范型国际科技合作基地​、中亚农业资源重点开放实验室​​,乌兹别克斯坦、吉尔吉斯斯坦、伊朗、俄罗斯、中亚国家等,联合研究、技术培训、人才培养、通过信息共享平台、技术推广等方式为合作国家提供支持,直接和间接服务,是,新疆维吾尔自治区科学技术厅、百度、新闻、科普官网、企查查、,是,是,海外项目